rma,r_code,r_description,vie_name
FMSV2022120042,R002,ANGL. Replace LR Lock Knob,Bộ phận điều khiển
FMSV2023020047,R002,ANGL. Replace LR Lock Knob,Bộ phận điều khiển
FMSV2023070009,R002,ANGL. Replace LR Lock Knob,Bộ phận điều khiển
FMSV2023070079,R002,ANGL. Replace LR Lock Knob,Bộ phận điều khiển
FMSV2023080014,R002,ANGL. Replace LR Lock Knob,Bộ phận điều khiển
FMSV2023060066,R003,ANGL. Replace UD Knob,Bộ phận điều khiển
FMSV2023050007,R005,ANGL. Repair Angle Knob Mechanism Section,Bộ phận điều khiển
FMSV2023080082,R005,ANGL. Repair Angle Knob Mechanism Section,Bộ phận điều khiển
FMSV2022060030,R008,AWT. Replace Air-Water Tube Assembly,Kênh khí nước
FMSV2022110024,R008,AWT. Replace Air-Water Tube Assembly,Kênh khí nước
FMSV2022120026,R008,AWT. Replace Air-Water Tube Assembly,Kênh khí nước
FMSV2023020034,R008,AWT. Replace Air-Water Tube Assembly,Kênh khí nước
FMSV2023040065,R008,AWT. Replace Air-Water Tube Assembly,Kênh khí nước
FMSV2023060042,R008,AWT. Replace Air-Water Tube Assembly,Kênh khí nước
FMSV2023060048,R008,AWT. Replace Air-Water Tube Assembly,Kênh khí nước
FMSV2023070057,R008,AWT. Replace Air-Water Tube Assembly,Kênh khí nước
FMSV2023080040,R009,AWT. Cleaning Air-Water Tube Assembly,Kênh khí nước
FMSV2022120014,R010,AWT. Replace Air-Water Tube Assembly with RBS,Kênh khí nước
FMSV2020110015,R012,BSA. Replace Bending Section Assembly with FCT/AWT,Bộ phận uốn cong
FMSV2021030028,R012,BSA. Replace Bending Section Assembly with FCT/AWT,Bộ phận uốn cong
FMSV2021040053,R012,BSA. Replace Bending Section Assembly with FCT/AWT,Bộ phận uốn cong
FMSV2021110027,R012,BSA. Replace Bending Section Assembly with FCT/AWT,Bộ phận uốn cong
FMSV2021110097,R012,BSA. Replace Bending Section Assembly with FCT/AWT,Bộ phận uốn cong
FMSV2022040054,R012,BSA. Replace Bending Section Assembly with FCT/AWT,Bộ phận uốn cong
FMSV2022050009,R012,BSA. Replace Bending Section Assembly with FCT/AWT,Bộ phận uốn cong
FMSV2022050010,R012,BSA. Replace Bending Section Assembly with FCT/AWT,Bộ phận uốn cong
FMSV2022050043,R012,BSA. Replace Bending Section Assembly with FCT/AWT,Bộ phận uốn cong
FMSV2022060025,R012,BSA. Replace Bending Section Assembly with FCT/AWT,Bộ phận uốn cong
FMSV2022060028,R012,BSA. Replace Bending Section Assembly with FCT/AWT,Bộ phận uốn cong
FMSV2022060029,R012,BSA. Replace Bending Section Assembly with FCT/AWT,Bộ phận uốn cong
FMSV2022060033,R012,BSA. Replace Bending Section Assembly with FCT/AWT,Bộ phận uốn cong
FMSV2022060053,R012,BSA. Replace Bending Section Assembly with FCT/AWT,Bộ phận uốn cong
FMSV2022060054,R012,BSA. Replace Bending Section Assembly with FCT/AWT,Bộ phận uốn cong
FMSV2022060056,R012,BSA. Replace Bending Section Assembly with FCT/AWT,Bộ phận uốn cong
FMSV2022070008,R012,BSA. Replace Bending Section Assembly with FCT/AWT,Bộ phận uốn cong
FMSV2022070019,R012,BSA. Replace Bending Section Assembly with FCT/AWT,Bộ phận uốn cong
FMSV2022070027,R012,BSA. Replace Bending Section Assembly with FCT/AWT,Bộ phận uốn cong
FMSV2022070037,R012,BSA. Replace Bending Section Assembly with FCT/AWT,Bộ phận uốn cong
FMSV2022070040,R012,BSA. Replace Bending Section Assembly with FCT/AWT,Bộ phận uốn cong
FMSV2022070046,R012,BSA. Replace Bending Section Assembly with FCT/AWT,Bộ phận uốn cong
FMSV2022070047,R012,BSA. Replace Bending Section Assembly with FCT/AWT,Bộ phận uốn cong
FMSV2022070047,R012,BSA. Replace Bending Section Assembly with FCT/AWT,Bộ phận uốn cong
FMSV2022070081,R012,BSA. Replace Bending Section Assembly with FCT/AWT,Bộ phận uốn cong
FMSV2022080033,R012,BSA. Replace Bending Section Assembly with FCT/AWT,Bộ phận uốn cong
FMSV2022090010,R012,BSA. Replace Bending Section Assembly with FCT/AWT,Bộ phận uốn cong
FMSV2022090057,R012,BSA. Replace Bending Section Assembly with FCT/AWT,Bộ phận uốn cong
FMSV2022090058,R012,BSA. Replace Bending Section Assembly with FCT/AWT,Bộ phận uốn cong
FMSV2022090060,R012,BSA. Replace Bending Section Assembly with FCT/AWT,Bộ phận uốn cong
FMSV2022090061,R012,BSA. Replace Bending Section Assembly with FCT/AWT,Bộ phận uốn cong
FMSV2022090062,R012,BSA. Replace Bending Section Assembly with FCT/AWT,Bộ phận uốn cong
FMSV2022090065,R012,BSA. Replace Bending Section Assembly with FCT/AWT,Bộ phận uốn cong
FMSV2022090066,R012,BSA. Replace Bending Section Assembly with FCT/AWT,Bộ phận uốn cong
FMSV2022100021,R012,BSA. Replace Bending Section Assembly with FCT/AWT,Bộ phận uốn cong
FMSV2022100022,R012,BSA. Replace Bending Section Assembly with FCT/AWT,Bộ phận uốn cong
FMSV2022100024,R012,BSA. Replace Bending Section Assembly with FCT/AWT,Bộ phận uốn cong
FMSV2022100027,R012,BSA. Replace Bending Section Assembly with FCT/AWT,Bộ phận uốn cong
FMSV2022100039,R012,BSA. Replace Bending Section Assembly with FCT/AWT,Bộ phận uốn cong
FMSV2022100042,R012,BSA. Replace Bending Section Assembly with FCT/AWT,Bộ phận uốn cong
FMSV2022100043,R012,BSA. Replace Bending Section Assembly with FCT/AWT,Bộ phận uốn cong
FMSV2022100044,R012,BSA. Replace Bending Section Assembly with FCT/AWT,Bộ phận uốn cong
FMSV2022100064,R012,BSA. Replace Bending Section Assembly with FCT/AWT,Bộ phận uốn cong
FMSV2022100086,R012,BSA. Replace Bending Section Assembly with FCT/AWT,Bộ phận uốn cong
FMSV2022110008,R012,BSA. Replace Bending Section Assembly with FCT/AWT,Bộ phận uốn cong
FMSV2022110024,R012,BSA. Replace Bending Section Assembly with FCT/AWT,Bộ phận uốn cong
FMSV2022110027,R012,BSA. Replace Bending Section Assembly with FCT/AWT,Bộ phận uốn cong
FMSV2022110029,R012,BSA. Replace Bending Section Assembly with FCT/AWT,Bộ phận uốn cong
FMSV2022110031,R012,BSA. Replace Bending Section Assembly with FCT/AWT,Bộ phận uốn cong
FMSV2022110033,R012,BSA. Replace Bending Section Assembly with FCT/AWT,Bộ phận uốn cong
FMSV2022110037,R012,BSA. Replace Bending Section Assembly with FCT/AWT,Bộ phận uốn cong
FMSV2022110038,R012,BSA. Replace Bending Section Assembly with FCT/AWT,Bộ phận uốn cong
FMSV2022110040,R012,BSA. Replace Bending Section Assembly with FCT/AWT,Bộ phận uốn cong
FMSV2022110041,R012,BSA. Replace Bending Section Assembly with FCT/AWT,Bộ phận uốn cong
FMSV2022110058,R012,BSA. Replace Bending Section Assembly with FCT/AWT,Bộ phận uốn cong
FMSV2022110061,R012,BSA. Replace Bending Section Assembly with FCT/AWT,Bộ phận uốn cong
FMSV2022110063,R012,BSA. Replace Bending Section Assembly with FCT/AWT,Bộ phận uốn cong
FMSV2022110068,R012,BSA. Replace Bending Section Assembly with FCT/AWT,Bộ phận uốn cong
FMSV2022120002,R012,BSA. Replace Bending Section Assembly with FCT/AWT,Bộ phận uốn cong
FMSV2022120003,R012,BSA. Replace Bending Section Assembly with FCT/AWT,Bộ phận uốn cong
FMSV2022120006,R012,BSA. Replace Bending Section Assembly with FCT/AWT,Bộ phận uốn cong
FMSV2022120008,R012,BSA. Replace Bending Section Assembly with FCT/AWT,Bộ phận uốn cong
FMSV2022120011,R012,BSA. Replace Bending Section Assembly with FCT/AWT,Bộ phận uốn cong
FMSV2022120012,R012,BSA. Replace Bending Section Assembly with FCT/AWT,Bộ phận uốn cong
FMSV2022120014,R012,BSA. Replace Bending Section Assembly with FCT/AWT,Bộ phận uốn cong
FMSV2022120017,R012,BSA. Replace Bending Section Assembly with FCT/AWT,Bộ phận uốn cong
FMSV2022120019,R012,BSA. Replace Bending Section Assembly with FCT/AWT,Bộ phận uốn cong
FMSV2022120023,R012,BSA. Replace Bending Section Assembly with FCT/AWT,Bộ phận uốn cong
FMSV2022120026,R012,BSA. Replace Bending Section Assembly with FCT/AWT,Bộ phận uốn cong
FMSV2022120027,R012,BSA. Replace Bending Section Assembly with FCT/AWT,Bộ phận uốn cong
FMSV2022120028,R012,BSA. Replace Bending Section Assembly with FCT/AWT,Bộ phận uốn cong
FMSV2022120031,R012,BSA. Replace Bending Section Assembly with FCT/AWT,Bộ phận uốn cong
FMSV2022120032,R012,BSA. Replace Bending Section Assembly with FCT/AWT,Bộ phận uốn cong
FMSV2022120035,R012,BSA. Replace Bending Section Assembly with FCT/AWT,Bộ phận uốn cong
FMSV2022120036,R012,BSA. Replace Bending Section Assembly with FCT/AWT,Bộ phận uốn cong
FMSV2022120042,R012,BSA. Replace Bending Section Assembly with FCT/AWT,Bộ phận uốn cong
FMSV2022120047,R012,BSA. Replace Bending Section Assembly with FCT/AWT,Bộ phận uốn cong
FMSV2022120048,R012,BSA. Replace Bending Section Assembly with FCT/AWT,Bộ phận uốn cong
FMSV2022120050,R012,BSA. Replace Bending Section Assembly with FCT/AWT,Bộ phận uốn cong
FMSV2022120053,R012,BSA. Replace Bending Section Assembly with FCT/AWT,Bộ phận uốn cong
FMSV2022120061,R012,BSA. Replace Bending Section Assembly with FCT/AWT,Bộ phận uốn cong
FMSV2022120062,R012,BSA. Replace Bending Section Assembly with FCT/AWT,Bộ phận uốn cong
FMSV2022120063,R012,BSA. Replace Bending Section Assembly with FCT/AWT,Bộ phận uốn cong
FMSV2022120065,R012,BSA. Replace Bending Section Assembly with FCT/AWT,Bộ phận uốn cong
FMSV2022120081,R012,BSA. Replace Bending Section Assembly with FCT/AWT,Bộ phận uốn cong
FMSV2022120084,R012,BSA. Replace Bending Section Assembly with FCT/AWT,Bộ phận uốn cong
FMSV2022120087,R012,BSA. Replace Bending Section Assembly with FCT/AWT,Bộ phận uốn cong
FMSV2022120088,R012,BSA. Replace Bending Section Assembly with FCT/AWT,Bộ phận uốn cong
FMSV2022120100,R012,BSA. Replace Bending Section Assembly with FCT/AWT,Bộ phận uốn cong
FMSV2022120106,R012,BSA. Replace Bending Section Assembly with FCT/AWT,Bộ phận uốn cong
FMSV2023010006,R012,BSA. Replace Bending Section Assembly with FCT/AWT,Bộ phận uốn cong
FMSV2023010007,R012,BSA. Replace Bending Section Assembly with FCT/AWT,Bộ phận uốn cong
FMSV2023010008,R012,BSA. Replace Bending Section Assembly with FCT/AWT,Bộ phận uốn cong
FMSV2023010009,R012,BSA. Replace Bending Section Assembly with FCT/AWT,Bộ phận uốn cong
FMSV2023010026,R012,BSA. Replace Bending Section Assembly with FCT/AWT,Bộ phận uốn cong
FMSV2023010043,R012,BSA. Replace Bending Section Assembly with FCT/AWT,Bộ phận uốn cong
FMSV2023020002,R012,BSA. Replace Bending Section Assembly with FCT/AWT,Bộ phận uốn cong
FMSV2023020005,R012,BSA. Replace Bending Section Assembly with FCT/AWT,Bộ phận uốn cong
FMSV2023020019,R012,BSA. Replace Bending Section Assembly with FCT/AWT,Bộ phận uốn cong
FMSV2023020022,R012,BSA. Replace Bending Section Assembly with FCT/AWT,Bộ phận uốn cong
FMSV2023020036,R012,BSA. Replace Bending Section Assembly with FCT/AWT,Bộ phận uốn cong
FMSV2023020047,R012,BSA. Replace Bending Section Assembly with FCT/AWT,Bộ phận uốn cong
FMSV2023020049,R012,BSA. Replace Bending Section Assembly with FCT/AWT,Bộ phận uốn cong
FMSV2023020056,R012,BSA. Replace Bending Section Assembly with FCT/AWT,Bộ phận uốn cong
FMSV2023020058,R012,BSA. Replace Bending Section Assembly with FCT/AWT,Bộ phận uốn cong
FMSV2023020060,R012,BSA. Replace Bending Section Assembly with FCT/AWT,Bộ phận uốn cong
FMSV2023020061,R012,BSA. Replace Bending Section Assembly with FCT/AWT,Bộ phận uốn cong
FMSV2023020063,R012,BSA. Replace Bending Section Assembly with FCT/AWT,Bộ phận uốn cong
FMSV2023030003,R012,BSA. Replace Bending Section Assembly with FCT/AWT,Bộ phận uốn cong
FMSV2023030019,R012,BSA. Replace Bending Section Assembly with FCT/AWT,Bộ phận uốn cong
FMSV2023030022,R012,BSA. Replace Bending Section Assembly with FCT/AWT,Bộ phận uốn cong
FMSV2023030041,R012,BSA. Replace Bending Section Assembly with FCT/AWT,Bộ phận uốn cong
FMSV2023030069,R012,BSA. Replace Bending Section Assembly with FCT/AWT,Bộ phận uốn cong
FMSV2023030075,R012,BSA. Replace Bending Section Assembly with FCT/AWT,Bộ phận uốn cong
FMSV2023030080,R012,BSA. Replace Bending Section Assembly with FCT/AWT,Bộ phận uốn cong
FMSV2023040001,R012,BSA. Replace Bending Section Assembly with FCT/AWT,Bộ phận uốn cong
FMSV2023040004,R012,BSA. Replace Bending Section Assembly with FCT/AWT,Bộ phận uốn cong
FMSV2023040019,R012,BSA. Replace Bending Section Assembly with FCT/AWT,Bộ phận uốn cong
FMSV2023040039,R012,BSA. Replace Bending Section Assembly with FCT/AWT,Bộ phận uốn cong
FMSV2023040043,R012,BSA. Replace Bending Section Assembly with FCT/AWT,Bộ phận uốn cong
FMSV2023040063,R012,BSA. Replace Bending Section Assembly with FCT/AWT,Bộ phận uốn cong
FMSV2023040064,R012,BSA. Replace Bending Section Assembly with FCT/AWT,Bộ phận uốn cong
FMSV2023040065,R012,BSA. Replace Bending Section Assembly with FCT/AWT,Bộ phận uốn cong
FMSV2023040066,R012,BSA. Replace Bending Section Assembly with FCT/AWT,Bộ phận uốn cong
FMSV2023050013,R012,BSA. Replace Bending Section Assembly with FCT/AWT,Bộ phận uốn cong
FMSV2023050016,R012,BSA. Replace Bending Section Assembly with FCT/AWT,Bộ phận uốn cong
FMSV2023050025,R012,BSA. Replace Bending Section Assembly with FCT/AWT,Bộ phận uốn cong
FMSV2023060041,R012,BSA. Replace Bending Section Assembly with FCT/AWT,Bộ phận uốn cong
FMSV2023060043,R012,BSA. Replace Bending Section Assembly with FCT/AWT,Bộ phận uốn cong
FMSV2023060044,R012,BSA. Replace Bending Section Assembly with FCT/AWT,Bộ phận uốn cong
FMSV2023060048,R012,BSA. Replace Bending Section Assembly with FCT/AWT,Bộ phận uốn cong
FMSV2023070027,R012,BSA. Replace Bending Section Assembly with FCT/AWT,Bộ phận uốn cong
FMSV2023070043,R012,BSA. Replace Bending Section Assembly with FCT/AWT,Bộ phận uốn cong
FMSV2023070057,R012,BSA. Replace Bending Section Assembly with FCT/AWT,Bộ phận uốn cong
FMSV2023070078,R012,BSA. Replace Bending Section Assembly with FCT/AWT,Bộ phận uốn cong
FMSV2023070079,R012,BSA. Replace Bending Section Assembly with FCT/AWT,Bộ phận uốn cong
FMSV2023070084,R012,BSA. Replace Bending Section Assembly with FCT/AWT,Bộ phận uốn cong
FMSV2023080008,R012,BSA. Replace Bending Section Assembly with FCT/AWT,Bộ phận uốn cong
FMSV2023080014,R012,BSA. Replace Bending Section Assembly with FCT/AWT,Bộ phận uốn cong
FMSV2023080015,R012,BSA. Replace Bending Section Assembly with FCT/AWT,Bộ phận uốn cong
FMSV2023080016,R012,BSA. Replace Bending Section Assembly with FCT/AWT,Bộ phận uốn cong
FMSV2023080018,R012,BSA. Replace Bending Section Assembly with FCT/AWT,Bộ phận uốn cong
FMSV2023080020,R012,BSA. Replace Bending Section Assembly with FCT/AWT,Bộ phận uốn cong
FMSV2023080024,R012,BSA. Replace Bending Section Assembly with FCT/AWT,Bộ phận uốn cong
FMSV2023080038,R012,BSA. Replace Bending Section Assembly with FCT/AWT,Bộ phận uốn cong
FMSV2023080042,R012,BSA. Replace Bending Section Assembly with FCT/AWT,Bộ phận uốn cong
FMSV2023080043,R012,BSA. Replace Bending Section Assembly with FCT/AWT,Bộ phận uốn cong
FMSV2023080049,R012,BSA. Replace Bending Section Assembly with FCT/AWT,Bộ phận uốn cong
FMSV2023080050,R012,BSA. Replace Bending Section Assembly with FCT/AWT,Bộ phận uốn cong
FMSV2023080057,R012,BSA. Replace Bending Section Assembly with FCT/AWT,Bộ phận uốn cong
FMSV2023080058,R012,BSA. Replace Bending Section Assembly with FCT/AWT,Bộ phận uốn cong
FMSV2023080061,R012,BSA. Replace Bending Section Assembly with FCT/AWT,Bộ phận uốn cong
FMSV2023080062,R012,BSA. Replace Bending Section Assembly with FCT/AWT,Bộ phận uốn cong
FMSV2023080064,R012,BSA. Replace Bending Section Assembly with FCT/AWT,Bộ phận uốn cong
FMSV2023080068,R012,BSA. Replace Bending Section Assembly with FCT/AWT,Bộ phận uốn cong
FMSV2023080071,R012,BSA. Replace Bending Section Assembly with FCT/AWT,Bộ phận uốn cong
FMSV2023080074,R012,BSA. Replace Bending Section Assembly with FCT/AWT,Bộ phận uốn cong
FMSV2023080075,R012,BSA. Replace Bending Section Assembly with FCT/AWT,Bộ phận uốn cong
FMSV2023080076,R012,BSA. Replace Bending Section Assembly with FCT/AWT,Bộ phận uốn cong
FMSV2023080078,R012,BSA. Replace Bending Section Assembly with FCT/AWT,Bộ phận uốn cong
FMSV2023080079,R012,BSA. Replace Bending Section Assembly with FCT/AWT,Bộ phận uốn cong
FMSV2023080083,R012,BSA. Replace Bending Section Assembly with FCT/AWT,Bộ phận uốn cong
FMSV2023080085,R012,BSA. Replace Bending Section Assembly with FCT/AWT,Bộ phận uốn cong
FMSV2023080091,R012,BSA. Replace Bending Section Assembly with FCT/AWT,Bộ phận uốn cong
FMSV2023080094,R012,BSA. Replace Bending Section Assembly with FCT/AWT,Bộ phận uốn cong
FMSV2023080100,R012,BSA. Replace Bending Section Assembly with FCT/AWT,Bộ phận uốn cong
FMSV2023080101,R012,BSA. Replace Bending Section Assembly with FCT/AWT,Bộ phận uốn cong
FMSV2023080102,R012,BSA. Replace Bending Section Assembly with FCT/AWT,Bộ phận uốn cong
FMSV2023090004,R012,BSA. Replace Bending Section Assembly with FCT/AWT,Bộ phận uốn cong
FMSV2023090005,R012,BSA. Replace Bending Section Assembly with FCT/AWT,Bộ phận uốn cong
FMSV2023090007,R012,BSA. Replace Bending Section Assembly with FCT/AWT,Bộ phận uốn cong
FMSV2023090011,R012,BSA. Replace Bending Section Assembly with FCT/AWT,Bộ phận uốn cong
FMSV2023090012,R012,BSA. Replace Bending Section Assembly with FCT/AWT,Bộ phận uốn cong
FMSV2023090018,R012,BSA. Replace Bending Section Assembly with FCT/AWT,Bộ phận uốn cong
FMSV2023090018,R012,BSA. Replace Bending Section Assembly with FCT/AWT,Bộ phận uốn cong
FMSV2023090021,R012,BSA. Replace Bending Section Assembly with FCT/AWT,Bộ phận uốn cong
FMSV2023090027,R012,BSA. Replace Bending Section Assembly with FCT/AWT,Bộ phận uốn cong
FMSV2023090029,R012,BSA. Replace Bending Section Assembly with FCT/AWT,Bộ phận uốn cong
FMSV2023090030,R012,BSA. Replace Bending Section Assembly with FCT/AWT,Bộ phận uốn cong
FMSV2023090035,R012,BSA. Replace Bending Section Assembly with FCT/AWT,Bộ phận uốn cong
FMSV2023090046,R012,BSA. Replace Bending Section Assembly with FCT/AWT,Bộ phận uốn cong
FMSV2023090049,R012,BSA. Replace Bending Section Assembly with FCT/AWT,Bộ phận uốn cong
FMSV2019080079,R013,BSA. Replace Wire of Bending Section Assembly,Bộ phận uốn cong
FMSV2022090012,R013,BSA. Replace Wire of Bending Section Assembly,Bộ phận uốn cong
FMSV2022110036,R013,BSA. Replace Wire of Bending Section Assembly,Bộ phận uốn cong
FMSV2023070055,R013,BSA. Replace Wire of Bending Section Assembly,Bộ phận uốn cong
FMSV2023070080,R013,BSA. Replace Wire of Bending Section Assembly,Bộ phận uốn cong
FMSV2019100025,R014,CHA. Replace Camera Head Assembly with FCT/AWT/RBS,Đầu thu hình
FMSV2022080014,R014,CHA. Replace Camera Head Assembly with FCT/AWT/RBS,Đầu thu hình
FMSV2022080033,R014,CHA. Replace Camera Head Assembly with FCT/AWT/RBS,Đầu thu hình
FMSV2022100022,R014,CHA. Replace Camera Head Assembly with FCT/AWT/RBS,Đầu thu hình
FMSV2022100044,R014,CHA. Replace Camera Head Assembly with FCT/AWT/RBS,Đầu thu hình
FMSV2022110027,R014,CHA. Replace Camera Head Assembly with FCT/AWT/RBS,Đầu thu hình
FMSV2022110033,R014,CHA. Replace Camera Head Assembly with FCT/AWT/RBS,Đầu thu hình
FMSV2022110036,R014,CHA. Replace Camera Head Assembly with FCT/AWT/RBS,Đầu thu hình
FMSV2022110063,R014,CHA. Replace Camera Head Assembly with FCT/AWT/RBS,Đầu thu hình
FMSV2022110068,R014,CHA. Replace Camera Head Assembly with FCT/AWT/RBS,Đầu thu hình
FMSV2022120012,R014,CHA. Replace Camera Head Assembly with FCT/AWT/RBS,Đầu thu hình
FMSV2022120017,R014,CHA. Replace Camera Head Assembly with FCT/AWT/RBS,Đầu thu hình
FMSV2022120022,R014,CHA. Replace Camera Head Assembly with FCT/AWT/RBS,Đầu thu hình
FMSV2022120028,R014,CHA. Replace Camera Head Assembly with FCT/AWT/RBS,Đầu thu hình
FMSV2022120031,R014,CHA. Replace Camera Head Assembly with FCT/AWT/RBS,Đầu thu hình
FMSV2022120032,R014,CHA. Replace Camera Head Assembly with FCT/AWT/RBS,Đầu thu hình
FMSV2022120033,R014,CHA. Replace Camera Head Assembly with FCT/AWT/RBS,Đầu thu hình
FMSV2022120036,R014,CHA. Replace Camera Head Assembly with FCT/AWT/RBS,Đầu thu hình
FMSV2022120038,R014,CHA. Replace Camera Head Assembly with FCT/AWT/RBS,Đầu thu hình
FMSV2022120053,R014,CHA. Replace Camera Head Assembly with FCT/AWT/RBS,Đầu thu hình
FMSV2023010018,R014,CHA. Replace Camera Head Assembly with FCT/AWT/RBS,Đầu thu hình
FMSV2023010023,R014,CHA. Replace Camera Head Assembly with FCT/AWT/RBS,Đầu thu hình
FMSV2023010026,R014,CHA. Replace Camera Head Assembly with FCT/AWT/RBS,Đầu thu hình
FMSV2023020056,R014,CHA. Replace Camera Head Assembly with FCT/AWT/RBS,Đầu thu hình
FMSV2023020061,R014,CHA. Replace Camera Head Assembly with FCT/AWT/RBS,Đầu thu hình
FMSV2023020063,R014,CHA. Replace Camera Head Assembly with FCT/AWT/RBS,Đầu thu hình
FMSV2023030069,R014,CHA. Replace Camera Head Assembly with FCT/AWT/RBS,Đầu thu hình
FMSV2023070043,R014,CHA. Replace Camera Head Assembly with FCT/AWT/RBS,Đầu thu hình
FMSV2023070079,R014,CHA. Replace Camera Head Assembly with FCT/AWT/RBS,Đầu thu hình
FMSV2023080003,R014,CHA. Replace Camera Head Assembly with FCT/AWT/RBS,Đầu thu hình
FMSV2023080006,R014,CHA. Replace Camera Head Assembly with FCT/AWT/RBS,Đầu thu hình
FMSV2023080024,R014,CHA. Replace Camera Head Assembly with FCT/AWT/RBS,Đầu thu hình
FMSV2023080061,R014,CHA. Replace Camera Head Assembly with FCT/AWT/RBS,Đầu thu hình
FMSV2023080078,R014,CHA. Replace Camera Head Assembly with FCT/AWT/RBS,Đầu thu hình
FMSV2023080098,R014,CHA. Replace Camera Head Assembly with FCT/AWT/RBS,Đầu thu hình
FMSV2019100018,R015,CHA. Replace Camera Head Assembly with FSA/BSA/FCT,Đầu thu hình
FMSV2021110097,R015,CHA. Replace Camera Head Assembly with FSA/BSA/FCT,Đầu thu hình
FMSV2022040054,R015,CHA. Replace Camera Head Assembly with FSA/BSA/FCT,Đầu thu hình
FMSV2022060053,R015,CHA. Replace Camera Head Assembly with FSA/BSA/FCT,Đầu thu hình
FMSV2022090060,R015,CHA. Replace Camera Head Assembly with FSA/BSA/FCT,Đầu thu hình
FMSV2022120042,R015,CHA. Replace Camera Head Assembly with FSA/BSA/FCT,Đầu thu hình
FMSV2023040019,R015,CHA. Replace Camera Head Assembly with FSA/BSA/FCT,Đầu thu hình
FMSV2023070027,R015,CHA. Replace Camera Head Assembly with FSA/BSA/FCT,Đầu thu hình
FMSV2021040053,R016,CHA.Replace Zoom CHA with FCT/AWT/RBS,Đầu thu hình
FMSV2022050043,R059,RBS. Replace Rubber for Bending Section,Vỏ cao su
FMSV2022060033,R059,RBS. Replace Rubber for Bending Section,Vỏ cao su
FMSV2022110027,R059,RBS. Replace Rubber for Bending Section,Vỏ cao su
FMSV2022120007,R059,RBS. Replace Rubber for Bending Section,Vỏ cao su
FMSV2022120022,R059,RBS. Replace Rubber for Bending Section,Vỏ cao su
FMSV2022120031,R059,RBS. Replace Rubber for Bending Section,Vỏ cao su
FMSV2023020036,R059,RBS. Replace Rubber for Bending Section,Vỏ cao su
FMSV2023030078,R059,RBS. Replace Rubber for Bending Section,Vỏ cao su
FMSV2023080035,R059,RBS. Replace Rubber for Bending Section,Vỏ cao su
FMSV2023080059,R059,RBS. Replace Rubber for Bending Section,Vỏ cao su
FMSV2023080079,R059,RBS. Replace Rubber for Bending Section,Vỏ cao su
FMSV2022090065,R019,DWA. Replace Drum Wire Assembly/UDLR wire,Dây cáp (thép)
FMSV2022100027,R019,DWA. Replace Drum Wire Assembly/UDLR wire,Dây cáp (thép)
FMSV2022110058,R019,DWA. Replace Drum Wire Assembly/UDLR wire,Dây cáp (thép)
FMSV2023020050,R019,DWA. Replace Drum Wire Assembly/UDLR wire,Dây cáp (thép)
FMSV2023020058,R019,DWA. Replace Drum Wire Assembly/UDLR wire,Dây cáp (thép)
FMSV2023070059,R019,DWA. Replace Drum Wire Assembly/UDLR wire,Dây cáp (thép)
FMSV2023070068,R019,DWA. Replace Drum Wire Assembly/UDLR wire,Dây cáp (thép)
FMSV2023080014,R019,DWA. Replace Drum Wire Assembly/UDLR wire,Dây cáp (thép)
FMSV2023080016,R019,DWA. Replace Drum Wire Assembly/UDLR wire,Dây cáp (thép)
FMSV2023080018,R019,DWA. Replace Drum Wire Assembly/UDLR wire,Dây cáp (thép)
FMSV2023080019,R019,DWA. Replace Drum Wire Assembly/UDLR wire,Dây cáp (thép)
FMSV2023080025,R019,DWA. Replace Drum Wire Assembly/UDLR wire,Dây cáp (thép)
FMSV2023080063,R019,DWA. Replace Drum Wire Assembly/UDLR wire,Dây cáp (thép)
FMSV2023080070,R019,DWA. Replace Drum Wire Assembly/UDLR wire,Dây cáp (thép)
FMSV2023080080,R019,DWA. Replace Drum Wire Assembly/UDLR wire,Dây cáp (thép)
FMSV2023080085,R019,DWA. Replace Drum Wire Assembly/UDLR wire,Dây cáp (thép)
FMSV2023080095,R019,DWA. Replace Drum Wire Assembly/UDLR wire,Dây cáp (thép)
FMSV2023090014,R019,DWA. Replace Drum Wire Assembly/UDLR wire,Dây cáp (thép)
FMSV2023090017,R019,DWA. Replace Drum Wire Assembly/UDLR wire,Dây cáp (thép)
FMSV2023090030,R019,DWA. Replace Drum Wire Assembly/UDLR wire,Dây cáp (thép)
FMSV2022030034,R022,E. Dry Out Fluid,Sấy khô
FMSV2022060030,R022,E. Dry Out Fluid,Sấy khô
FMSV2022060054,R022,E. Dry Out Fluid,Sấy khô
FMSV2022100021,R022,E. Dry Out Fluid,Sấy khô
FMSV2022100086,R022,E. Dry Out Fluid,Sấy khô
FMSV2022110029,R022,E. Dry Out Fluid,Sấy khô
FMSV2022120003,R022,E. Dry Out Fluid,Sấy khô
FMSV2022120007,R022,E. Dry Out Fluid,Sấy khô
FMSV2022120008,R022,E. Dry Out Fluid,Sấy khô
FMSV2022120011,R022,E. Dry Out Fluid,Sấy khô
FMSV2022120027,R022,E. Dry Out Fluid,Sấy khô
FMSV2022120085,R022,E. Dry Out Fluid,Sấy khô
FMSV2023010023,R022,E. Dry Out Fluid,Sấy khô
FMSV2023010043,R022,E. Dry Out Fluid,Sấy khô
FMSV2023080005,R022,E. Dry Out Fluid,Sấy khô
FMSV2023080028,R022,E. Dry Out Fluid,Sấy khô
FMSV2023080035,R022,E. Dry Out Fluid,Sấy khô
FMSV2023080063,R022,E. Dry Out Fluid,Sấy khô
FMSV2023080067,R022,E. Dry Out Fluid,Sấy khô
FMSV2023080073,R022,E. Dry Out Fluid,Sấy khô
FMSV2023080077,R022,E. Dry Out Fluid,Sấy khô
FMSV2023080098,R022,E. Dry Out Fluid,Sấy khô
FMSV2023090010,R022,E. Dry Out Fluid,Sấy khô
FMSV2023090027,R022,E. Dry Out Fluid,Sấy khô
FMSV2022100023,R023,E. Cleaning/Disinfections,Vệ sinh/khử khuẩn
FMSV2022100031,R023,E. Cleaning/Disinfections,Vệ sinh/khử khuẩn
FMSV2022110058,R023,E. Cleaning/Disinfections,Vệ sinh/khử khuẩn
FMSV2022120001,R023,E. Cleaning/Disinfections,Vệ sinh/khử khuẩn
FMSV2023030062,R023,E. Cleaning/Disinfections,Vệ sinh/khử khuẩn
FMSV2023080029,R023,E. Cleaning/Disinfections,Vệ sinh/khử khuẩn
FMSV2023080030,R023,E. Cleaning/Disinfections,Vệ sinh/khử khuẩn
FMSV2023080031,R023,E. Cleaning/Disinfections,Vệ sinh/khử khuẩn
FMSV2023080048,R023,E. Cleaning/Disinfections,Vệ sinh/khử khuẩn
FMSV2023080089,R023,E. Cleaning/Disinfections,Vệ sinh/khử khuẩn
FMSV2023080099,R023,E. Cleaning/Disinfections,Vệ sinh/khử khuẩn
FMSV2023090010,R023,E. Cleaning/Disinfections,Vệ sinh/khử khuẩn
FMSV2023090024,R023,E. Cleaning/Disinfections,Vệ sinh/khử khuẩn
FMSV2023090034,R023,E. Cleaning/Disinfections,Vệ sinh/khử khuẩn
FMSV2023090037,R023,E. Cleaning/Disinfections,Vệ sinh/khử khuẩn
FMSV2023090042,R023,E. Cleaning/Disinfections,Vệ sinh/khử khuẩn
FMSV2023090043,R023,E. Cleaning/Disinfections,Vệ sinh/khử khuẩn
FMSV2023090044,R023,E. Cleaning/Disinfections,Vệ sinh/khử khuẩn
FMSV2023080096,R024,E. Inspection,Kiểm tra
FMSV2022030034,R025,E. Others,Bộ phận khác
FMSV2022100037,R025,E. Others,Bộ phận khác
FMSV2022100038,R025,E. Others,Bộ phận khác
FMSV2022120056,R025,E. Others,Bộ phận khác
FMSV2023020047,R025,E. Others,Bộ phận khác
FMSV2023070007,R025,E. Others,Bộ phận khác
FMSV2023070071,R025,E. Others,Bộ phận khác
FMSV2023080072,R025,E. Others,Bộ phận khác
FMSV2023090009,R025,E. Others,Bộ phận khác
FMSV2020110015,R028,FCT. Replace Forceps Channel Tube Assembly,Kênh sinh thiết
FMSV2022020018,R028,FCT. Replace Forceps Channel Tube Assembly,Kênh sinh thiết
FMSV2022030034,R028,FCT. Replace Forceps Channel Tube Assembly,Kênh sinh thiết
FMSV2022060025,R028,FCT. Replace Forceps Channel Tube Assembly,Kênh sinh thiết
FMSV2022060029,R028,FCT. Replace Forceps Channel Tube Assembly,Kênh sinh thiết
FMSV2022070008,R028,FCT. Replace Forceps Channel Tube Assembly,Kênh sinh thiết
FMSV2022070019,R028,FCT. Replace Forceps Channel Tube Assembly,Kênh sinh thiết
FMSV2022070037,R028,FCT. Replace Forceps Channel Tube Assembly,Kênh sinh thiết
FMSV2022070040,R028,FCT. Replace Forceps Channel Tube Assembly,Kênh sinh thiết
FMSV2022070081,R028,FCT. Replace Forceps Channel Tube Assembly,Kênh sinh thiết
FMSV2022090057,R028,FCT. Replace Forceps Channel Tube Assembly,Kênh sinh thiết
FMSV2022090058,R028,FCT. Replace Forceps Channel Tube Assembly,Kênh sinh thiết
FMSV2022090060,R028,FCT. Replace Forceps Channel Tube Assembly,Kênh sinh thiết
FMSV2022090061,R028,FCT. Replace Forceps Channel Tube Assembly,Kênh sinh thiết
FMSV2022100022,R028,FCT. Replace Forceps Channel Tube Assembly,Kênh sinh thiết
FMSV2022100024,R028,FCT. Replace Forceps Channel Tube Assembly,Kênh sinh thiết
FMSV2022100042,R028,FCT. Replace Forceps Channel Tube Assembly,Kênh sinh thiết
FMSV2022110024,R028,FCT. Replace Forceps Channel Tube Assembly,Kênh sinh thiết
FMSV2022110036,R028,FCT. Replace Forceps Channel Tube Assembly,Kênh sinh thiết
FMSV2022110037,R028,FCT. Replace Forceps Channel Tube Assembly,Kênh sinh thiết
FMSV2022110040,R028,FCT. Replace Forceps Channel Tube Assembly,Kênh sinh thiết
FMSV2022110068,R028,FCT. Replace Forceps Channel Tube Assembly,Kênh sinh thiết
FMSV2022120008,R028,FCT. Replace Forceps Channel Tube Assembly,Kênh sinh thiết
FMSV2022120011,R028,FCT. Replace Forceps Channel Tube Assembly,Kênh sinh thiết
FMSV2022120028,R028,FCT. Replace Forceps Channel Tube Assembly,Kênh sinh thiết
FMSV2022120031,R028,FCT. Replace Forceps Channel Tube Assembly,Kênh sinh thiết
FMSV2022120033,R028,FCT. Replace Forceps Channel Tube Assembly,Kênh sinh thiết
FMSV2022120048,R028,FCT. Replace Forceps Channel Tube Assembly,Kênh sinh thiết
FMSV2022120053,R028,FCT. Replace Forceps Channel Tube Assembly,Kênh sinh thiết
FMSV2022120062,R028,FCT. Replace Forceps Channel Tube Assembly,Kênh sinh thiết
FMSV2022120088,R028,FCT. Replace Forceps Channel Tube Assembly,Kênh sinh thiết
FMSV2022120106,R028,FCT. Replace Forceps Channel Tube Assembly,Kênh sinh thiết
FMSV2023010007,R028,FCT. Replace Forceps Channel Tube Assembly,Kênh sinh thiết
FMSV2023010008,R028,FCT. Replace Forceps Channel Tube Assembly,Kênh sinh thiết
FMSV2023010009,R028,FCT. Replace Forceps Channel Tube Assembly,Kênh sinh thiết
FMSV2023020005,R028,FCT. Replace Forceps Channel Tube Assembly,Kênh sinh thiết
FMSV2023020049,R028,FCT. Replace Forceps Channel Tube Assembly,Kênh sinh thiết
FMSV2023020056,R028,FCT. Replace Forceps Channel Tube Assembly,Kênh sinh thiết
FMSV2023020063,R028,FCT. Replace Forceps Channel Tube Assembly,Kênh sinh thiết
FMSV2023030003,R028,FCT. Replace Forceps Channel Tube Assembly,Kênh sinh thiết
FMSV2023030080,R028,FCT. Replace Forceps Channel Tube Assembly,Kênh sinh thiết
FMSV2023040004,R028,FCT. Replace Forceps Channel Tube Assembly,Kênh sinh thiết
FMSV2023040063,R028,FCT. Replace Forceps Channel Tube Assembly,Kênh sinh thiết
FMSV2023040066,R028,FCT. Replace Forceps Channel Tube Assembly,Kênh sinh thiết
FMSV2023050013,R028,FCT. Replace Forceps Channel Tube Assembly,Kênh sinh thiết
FMSV2023050025,R028,FCT. Replace Forceps Channel Tube Assembly,Kênh sinh thiết
FMSV2023060044,R028,FCT. Replace Forceps Channel Tube Assembly,Kênh sinh thiết
FMSV2023060046,R028,FCT. Replace Forceps Channel Tube Assembly,Kênh sinh thiết
FMSV2023060048,R028,FCT. Replace Forceps Channel Tube Assembly,Kênh sinh thiết
FMSV2023080003,R028,FCT. Replace Forceps Channel Tube Assembly,Kênh sinh thiết
FMSV2023080015,R028,FCT. Replace Forceps Channel Tube Assembly,Kênh sinh thiết
FMSV2023080018,R028,FCT. Replace Forceps Channel Tube Assembly,Kênh sinh thiết
FMSV2023080020,R028,FCT. Replace Forceps Channel Tube Assembly,Kênh sinh thiết
FMSV2023080024,R028,FCT. Replace Forceps Channel Tube Assembly,Kênh sinh thiết
FMSV2023080061,R028,FCT. Replace Forceps Channel Tube Assembly,Kênh sinh thiết
FMSV2023080062,R028,FCT. Replace Forceps Channel Tube Assembly,Kênh sinh thiết
FMSV2023080064,R028,FCT. Replace Forceps Channel Tube Assembly,Kênh sinh thiết
FMSV2023080068,R028,FCT. Replace Forceps Channel Tube Assembly,Kênh sinh thiết
FMSV2023080076,R028,FCT. Replace Forceps Channel Tube Assembly,Kênh sinh thiết
FMSV2023080079,R028,FCT. Replace Forceps Channel Tube Assembly,Kênh sinh thiết
FMSV2023080091,R028,FCT. Replace Forceps Channel Tube Assembly,Kênh sinh thiết
FMSV2023080094,R028,FCT. Replace Forceps Channel Tube Assembly,Kênh sinh thiết
FMSV2023080097,R028,FCT. Replace Forceps Channel Tube Assembly,Kênh sinh thiết
FMSV2023080101,R028,FCT. Replace Forceps Channel Tube Assembly,Kênh sinh thiết
FMSV2023090004,R028,FCT. Replace Forceps Channel Tube Assembly,Kênh sinh thiết
FMSV2023090005,R028,FCT. Replace Forceps Channel Tube Assembly,Kênh sinh thiết
FMSV2023090007,R028,FCT. Replace Forceps Channel Tube Assembly,Kênh sinh thiết
FMSV2023090012,R028,FCT. Replace Forceps Channel Tube Assembly,Kênh sinh thiết
FMSV2023090013,R028,FCT. Replace Forceps Channel Tube Assembly,Kênh sinh thiết
FMSV2023090030,R028,FCT. Replace Forceps Channel Tube Assembly,Kênh sinh thiết
FMSV2023090035,R028,FCT. Replace Forceps Channel Tube Assembly,Kênh sinh thiết
FMSV2023090046,R028,FCT. Replace Forceps Channel Tube Assembly,Kênh sinh thiết
FMSV2023090049,R028,FCT. Replace Forceps Channel Tube Assembly,Kênh sinh thiết
FMSV2021030028,R029,FCT. Replace Forceps Channel Tube Assembly with RB,Kênh sinh thiết
FMSV2021110027,R029,FCT. Replace Forceps Channel Tube Assembly with RB,Kênh sinh thiết
FMSV2022040054,R029,FCT. Replace Forceps Channel Tube Assembly with RB,Kênh sinh thiết
FMSV2022060053,R029,FCT. Replace Forceps Channel Tube Assembly with RB,Kênh sinh thiết
FMSV2022080007,R029,FCT. Replace Forceps Channel Tube Assembly with RB,Kênh sinh thiết
FMSV2022080033,R029,FCT. Replace Forceps Channel Tube Assembly with RB,Kênh sinh thiết
FMSV2022090009,R029,FCT. Replace Forceps Channel Tube Assembly with RB,Kênh sinh thiết
FMSV2022090066,R029,FCT. Replace Forceps Channel Tube Assembly with RB,Kênh sinh thiết
FMSV2022100039,R029,FCT. Replace Forceps Channel Tube Assembly with RB,Kênh sinh thiết
FMSV2022100044,R029,FCT. Replace Forceps Channel Tube Assembly with RB,Kênh sinh thiết
FMSV2022100086,R029,FCT. Replace Forceps Channel Tube Assembly with RB,Kênh sinh thiết
FMSV2022110033,R029,FCT. Replace Forceps Channel Tube Assembly with RB,Kênh sinh thiết
FMSV2022110063,R029,FCT. Replace Forceps Channel Tube Assembly with RB,Kênh sinh thiết
FMSV2022120002,R029,FCT. Replace Forceps Channel Tube Assembly with RB,Kênh sinh thiết
FMSV2022120003,R029,FCT. Replace Forceps Channel Tube Assembly with RB,Kênh sinh thiết
FMSV2022120022,R029,FCT. Replace Forceps Channel Tube Assembly with RB,Kênh sinh thiết
FMSV2022120023,R029,FCT. Replace Forceps Channel Tube Assembly with RB,Kênh sinh thiết
FMSV2022120032,R029,FCT. Replace Forceps Channel Tube Assembly with RB,Kênh sinh thiết
FMSV2022120036,R029,FCT. Replace Forceps Channel Tube Assembly with RB,Kênh sinh thiết
FMSV2022120065,R029,FCT. Replace Forceps Channel Tube Assembly with RB,Kênh sinh thiết
FMSV2022120081,R029,FCT. Replace Forceps Channel Tube Assembly with RB,Kênh sinh thiết
FMSV2022120085,R029,FCT. Replace Forceps Channel Tube Assembly with RB,Kênh sinh thiết
FMSV2023010018,R029,FCT. Replace Forceps Channel Tube Assembly with RB,Kênh sinh thiết
FMSV2023010023,R029,FCT. Replace Forceps Channel Tube Assembly with RB,Kênh sinh thiết
FMSV2023010026,R029,FCT. Replace Forceps Channel Tube Assembly with RB,Kênh sinh thiết
FMSV2023010043,R029,FCT. Replace Forceps Channel Tube Assembly with RB,Kênh sinh thiết
FMSV2023020019,R029,FCT. Replace Forceps Channel Tube Assembly with RB,Kênh sinh thiết
FMSV2023020060,R029,FCT. Replace Forceps Channel Tube Assembly with RB,Kênh sinh thiết
FMSV2023020061,R029,FCT. Replace Forceps Channel Tube Assembly with RB,Kênh sinh thiết
FMSV2023030075,R029,FCT. Replace Forceps Channel Tube Assembly with RB,Kênh sinh thiết
FMSV2023040039,R029,FCT. Replace Forceps Channel Tube Assembly with RB,Kênh sinh thiết
FMSV2023060042,R029,FCT. Replace Forceps Channel Tube Assembly with RB,Kênh sinh thiết
FMSV2023060045,R029,FCT. Replace Forceps Channel Tube Assembly with RB,Kênh sinh thiết
FMSV2023070027,R029,FCT. Replace Forceps Channel Tube Assembly with RB,Kênh sinh thiết
FMSV2023080006,R029,FCT. Replace Forceps Channel Tube Assembly with RB,Kênh sinh thiết
FMSV2023080041,R029,FCT. Replace Forceps Channel Tube Assembly with RB,Kênh sinh thiết
FMSV2023080049,R029,FCT. Replace Forceps Channel Tube Assembly with RB,Kênh sinh thiết
FMSV2023080058,R029,FCT. Replace Forceps Channel Tube Assembly with RB,Kênh sinh thiết
FMSV2023080075,R029,FCT. Replace Forceps Channel Tube Assembly with RB,Kênh sinh thiết
FMSV2023080087,R029,FCT. Replace Forceps Channel Tube Assembly with RB,Kênh sinh thiết
FMSV2023080098,R029,FCT. Replace Forceps Channel Tube Assembly with RB,Kênh sinh thiết
FMSV2023090038,R029,FCT. Replace Forceps Channel Tube Assembly with RB,Kênh sinh thiết
FMSV2023090040,R029,FCT. Replace Forceps Channel Tube Assembly with RB,Kênh sinh thiết
FMSV2023090026,R030,FEW. Replace Forceps Elevator Wire,Bộ phận điều khiển cần nâng
FMSV2022020018,R032,FSA. Replace IG Flexible Section Assembly with FCT,Vỏ ống luồn
FMSV2022040054,R032,FSA. Replace IG Flexible Section Assembly with FCT,Vỏ ống luồn
FMSV2022050043,R032,FSA. Replace IG Flexible Section Assembly with FCT,Vỏ ống luồn
FMSV2022060053,R032,FSA. Replace IG Flexible Section Assembly with FCT,Vỏ ống luồn
FMSV2022070027,R032,FSA. Replace IG Flexible Section Assembly with FCT,Vỏ ống luồn
FMSV2022100027,R032,FSA. Replace IG Flexible Section Assembly with FCT,Vỏ ống luồn
FMSV2022100039,R032,FSA. Replace IG Flexible Section Assembly with FCT,Vỏ ống luồn
FMSV2022110029,R032,FSA. Replace IG Flexible Section Assembly with FCT,Vỏ ống luồn
FMSV2022110031,R032,FSA. Replace IG Flexible Section Assembly with FCT,Vỏ ống luồn
FMSV2022110036,R032,FSA. Replace IG Flexible Section Assembly with FCT,Vỏ ống luồn
FMSV2022110068,R032,FSA. Replace IG Flexible Section Assembly with FCT,Vỏ ống luồn
FMSV2022120006,R032,FSA. Replace IG Flexible Section Assembly with FCT,Vỏ ống luồn
FMSV2022120011,R032,FSA. Replace IG Flexible Section Assembly with FCT,Vỏ ống luồn
FMSV2022120012,R032,FSA. Replace IG Flexible Section Assembly with FCT,Vỏ ống luồn
FMSV2022120019,R032,FSA. Replace IG Flexible Section Assembly with FCT,Vỏ ống luồn
FMSV2022120022,R032,FSA. Replace IG Flexible Section Assembly with FCT,Vỏ ống luồn
FMSV2022120022,R032,FSA. Replace IG Flexible Section Assembly with FCT,Vỏ ống luồn
FMSV2022120023,R032,FSA. Replace IG Flexible Section Assembly with FCT,Vỏ ống luồn
FMSV2022120027,R032,FSA. Replace IG Flexible Section Assembly with FCT,Vỏ ống luồn
FMSV2022120028,R032,FSA. Replace IG Flexible Section Assembly with FCT,Vỏ ống luồn
FMSV2022120036,R032,FSA. Replace IG Flexible Section Assembly with FCT,Vỏ ống luồn
FMSV2022120043,R032,FSA. Replace IG Flexible Section Assembly with FCT,Vỏ ống luồn
FMSV2022120043,R032,FSA. Replace IG Flexible Section Assembly with FCT,Vỏ ống luồn
FMSV2022120044,R032,FSA. Replace IG Flexible Section Assembly with FCT,Vỏ ống luồn
FMSV2022120050,R032,FSA. Replace IG Flexible Section Assembly with FCT,Vỏ ống luồn
FMSV2022120050,R032,FSA. Replace IG Flexible Section Assembly with FCT,Vỏ ống luồn
FMSV2022120050,R032,FSA. Replace IG Flexible Section Assembly with FCT,Vỏ ống luồn
FMSV2022120055,R032,FSA. Replace IG Flexible Section Assembly with FCT,Vỏ ống luồn
FMSV2022120065,R032,FSA. Replace IG Flexible Section Assembly with FCT,Vỏ ống luồn
FMSV2022120100,R032,FSA. Replace IG Flexible Section Assembly with FCT,Vỏ ống luồn
FMSV2023020061,R032,FSA. Replace IG Flexible Section Assembly with FCT,Vỏ ống luồn
FMSV2023030054,R032,FSA. Replace IG Flexible Section Assembly with FCT,Vỏ ống luồn
FMSV2023030080,R032,FSA. Replace IG Flexible Section Assembly with FCT,Vỏ ống luồn
FMSV2023040039,R032,FSA. Replace IG Flexible Section Assembly with FCT,Vỏ ống luồn
FMSV2023070015,R032,FSA. Replace IG Flexible Section Assembly with FCT,Vỏ ống luồn
FMSV2023070027,R032,FSA. Replace IG Flexible Section Assembly with FCT,Vỏ ống luồn
FMSV2023070080,R032,FSA. Replace IG Flexible Section Assembly with FCT,Vỏ ống luồn
FMSV2023070084,R032,FSA. Replace IG Flexible Section Assembly with FCT,Vỏ ống luồn
FMSV2023080003,R032,FSA. Replace IG Flexible Section Assembly with FCT,Vỏ ống luồn
FMSV2023080024,R032,FSA. Replace IG Flexible Section Assembly with FCT,Vỏ ống luồn
FMSV2023080028,R032,FSA. Replace IG Flexible Section Assembly with FCT,Vỏ ống luồn
FMSV2023080042,R032,FSA. Replace IG Flexible Section Assembly with FCT,Vỏ ống luồn
FMSV2023080049,R032,FSA. Replace IG Flexible Section Assembly with FCT,Vỏ ống luồn
FMSV2023080058,R032,FSA. Replace IG Flexible Section Assembly with FCT,Vỏ ống luồn
FMSV2023090013,R032,FSA. Replace IG Flexible Section Assembly with FCT,Vỏ ống luồn
FMSV2023090038,R032,FSA. Replace IG Flexible Section Assembly with FCT,Vỏ ống luồn
FMSV2020110015,R033,FSA. Replace IG Flexible Section Assembly with BSA,Vỏ ống luồn
FMSV2021030028,R033,FSA. Replace IG Flexible Section Assembly with BSA,Vỏ ống luồn
FMSV2022070047,R033,FSA. Replace IG Flexible Section Assembly with BSA,Vỏ ống luồn
FMSV2022080033,R033,FSA. Replace IG Flexible Section Assembly with BSA,Vỏ ống luồn
FMSV2022090060,R033,FSA. Replace IG Flexible Section Assembly with BSA,Vỏ ống luồn
FMSV2022090062,R033,FSA. Replace IG Flexible Section Assembly with BSA,Vỏ ống luồn
FMSV2022100024,R033,FSA. Replace IG Flexible Section Assembly with BSA,Vỏ ống luồn
FMSV2022110008,R033,FSA. Replace IG Flexible Section Assembly with BSA,Vỏ ống luồn
FMSV2022110038,R033,FSA. Replace IG Flexible Section Assembly with BSA,Vỏ ống luồn
FMSV2022110039,R033,FSA. Replace IG Flexible Section Assembly with BSA,Vỏ ống luồn
FMSV2022110040,R033,FSA. Replace IG Flexible Section Assembly with BSA,Vỏ ống luồn
FMSV2022110053,R033,FSA. Replace IG Flexible Section Assembly with BSA,Vỏ ống luồn
FMSV2022110058,R033,FSA. Replace IG Flexible Section Assembly with BSA,Vỏ ống luồn
FMSV2022110061,R033,FSA. Replace IG Flexible Section Assembly with BSA,Vỏ ống luồn
FMSV2022120017,R033,FSA. Replace IG Flexible Section Assembly with BSA,Vỏ ống luồn
FMSV2022120035,R033,FSA. Replace IG Flexible Section Assembly with BSA,Vỏ ống luồn
FMSV2022120038,R033,FSA. Replace IG Flexible Section Assembly with BSA,Vỏ ống luồn
FMSV2022120042,R033,FSA. Replace IG Flexible Section Assembly with BSA,Vỏ ống luồn
FMSV2022120048,R033,FSA. Replace IG Flexible Section Assembly with BSA,Vỏ ống luồn
FMSV2022120062,R033,FSA. Replace IG Flexible Section Assembly with BSA,Vỏ ống luồn
FMSV2022120087,R033,FSA. Replace IG Flexible Section Assembly with BSA,Vỏ ống luồn
FMSV2022120106,R033,FSA. Replace IG Flexible Section Assembly with BSA,Vỏ ống luồn
FMSV2023020002,R033,FSA. Replace IG Flexible Section Assembly with BSA,Vỏ ống luồn
FMSV2023020005,R033,FSA. Replace IG Flexible Section Assembly with BSA,Vỏ ống luồn
FMSV2023020036,R033,FSA. Replace IG Flexible Section Assembly with BSA,Vỏ ống luồn
FMSV2023020040,R033,FSA. Replace IG Flexible Section Assembly with BSA,Vỏ ống luồn
FMSV2023020060,R033,FSA. Replace IG Flexible Section Assembly with BSA,Vỏ ống luồn
FMSV2023040066,R033,FSA. Replace IG Flexible Section Assembly with BSA,Vỏ ống luồn
FMSV2023050013,R033,FSA. Replace IG Flexible Section Assembly with BSA,Vỏ ống luồn
FMSV2023050016,R033,FSA. Replace IG Flexible Section Assembly with BSA,Vỏ ống luồn
FMSV2023050025,R033,FSA. Replace IG Flexible Section Assembly with BSA,Vỏ ống luồn
FMSV2023060043,R033,FSA. Replace IG Flexible Section Assembly with BSA,Vỏ ống luồn
FMSV2023060044,R033,FSA. Replace IG Flexible Section Assembly with BSA,Vỏ ống luồn
FMSV2023080014,R033,FSA. Replace IG Flexible Section Assembly with BSA,Vỏ ống luồn
FMSV2023080015,R033,FSA. Replace IG Flexible Section Assembly with BSA,Vỏ ống luồn
FMSV2023080016,R033,FSA. Replace IG Flexible Section Assembly with BSA,Vỏ ống luồn
FMSV2023080018,R033,FSA. Replace IG Flexible Section Assembly with BSA,Vỏ ống luồn
FMSV2023080074,R033,FSA. Replace IG Flexible Section Assembly with BSA,Vỏ ống luồn
FMSV2023080079,R033,FSA. Replace IG Flexible Section Assembly with BSA,Vỏ ống luồn
FMSV2023080101,R033,FSA. Replace IG Flexible Section Assembly with BSA,Vỏ ống luồn
FMSV2023090007,R033,FSA. Replace IG Flexible Section Assembly with BSA,Vỏ ống luồn
FMSV2023090012,R033,FSA. Replace IG Flexible Section Assembly with BSA,Vỏ ống luồn
FMSV2023090029,R033,FSA. Replace IG Flexible Section Assembly with BSA,Vỏ ống luồn
FMSV2023090030,R033,FSA. Replace IG Flexible Section Assembly with BSA,Vỏ ống luồn
FMSV2023090031,R033,FSA. Replace IG Flexible Section Assembly with BSA,Vỏ ống luồn
FMSV2019080079,R034,FSB. Replace LG Flexible Section Assembly,Bộ phận dây dẫn ống soi
FMSV2021030028,R034,FSB. Replace LG Flexible Section Assembly,Bộ phận dây dẫn ống soi
FMSV2022030006,R034,FSB. Replace LG Flexible Section Assembly,Bộ phận dây dẫn ống soi
FMSV2022030014,R034,FSB. Replace LG Flexible Section Assembly,Bộ phận dây dẫn ống soi
FMSV2022040054,R034,FSB. Replace LG Flexible Section Assembly,Bộ phận dây dẫn ống soi
FMSV2022050043,R034,FSB. Replace LG Flexible Section Assembly,Bộ phận dây dẫn ống soi
FMSV2022050048,R034,FSB. Replace LG Flexible Section Assembly,Bộ phận dây dẫn ống soi
FMSV2022060037,R034,FSB. Replace LG Flexible Section Assembly,Bộ phận dây dẫn ống soi
FMSV2022060053,R034,FSB. Replace LG Flexible Section Assembly,Bộ phận dây dẫn ống soi
FMSV2022060054,R034,FSB. Replace LG Flexible Section Assembly,Bộ phận dây dẫn ống soi
FMSV2022080033,R034,FSB. Replace LG Flexible Section Assembly,Bộ phận dây dẫn ống soi
FMSV2022100044,R034,FSB. Replace LG Flexible Section Assembly,Bộ phận dây dẫn ống soi
FMSV2022100071,R034,FSB. Replace LG Flexible Section Assembly,Bộ phận dây dẫn ống soi
FMSV2022110027,R034,FSB. Replace LG Flexible Section Assembly,Bộ phận dây dẫn ống soi
FMSV2022110029,R034,FSB. Replace LG Flexible Section Assembly,Bộ phận dây dẫn ống soi
FMSV2022110031,R034,FSB. Replace LG Flexible Section Assembly,Bộ phận dây dẫn ống soi
FMSV2022110041,R034,FSB. Replace LG Flexible Section Assembly,Bộ phận dây dẫn ống soi
FMSV2022110053,R034,FSB. Replace LG Flexible Section Assembly,Bộ phận dây dẫn ống soi
FMSV2022110058,R034,FSB. Replace LG Flexible Section Assembly,Bộ phận dây dẫn ống soi
FMSV2022110061,R034,FSB. Replace LG Flexible Section Assembly,Bộ phận dây dẫn ống soi
FMSV2022110068,R034,FSB. Replace LG Flexible Section Assembly,Bộ phận dây dẫn ống soi
FMSV2022120027,R034,FSB. Replace LG Flexible Section Assembly,Bộ phận dây dẫn ống soi
FMSV2022120031,R034,FSB. Replace LG Flexible Section Assembly,Bộ phận dây dẫn ống soi
FMSV2022120032,R034,FSB. Replace LG Flexible Section Assembly,Bộ phận dây dẫn ống soi
FMSV2022120033,R034,FSB. Replace LG Flexible Section Assembly,Bộ phận dây dẫn ống soi
FMSV2022120035,R034,FSB. Replace LG Flexible Section Assembly,Bộ phận dây dẫn ống soi
FMSV2022120039,R034,FSB. Replace LG Flexible Section Assembly,Bộ phận dây dẫn ống soi
FMSV2022120044,R034,FSB. Replace LG Flexible Section Assembly,Bộ phận dây dẫn ống soi
FMSV2022120047,R034,FSB. Replace LG Flexible Section Assembly,Bộ phận dây dẫn ống soi
FMSV2022120053,R034,FSB. Replace LG Flexible Section Assembly,Bộ phận dây dẫn ống soi
FMSV2022120055,R034,FSB. Replace LG Flexible Section Assembly,Bộ phận dây dẫn ống soi
FMSV2022120061,R034,FSB. Replace LG Flexible Section Assembly,Bộ phận dây dẫn ống soi
FMSV2022120081,R034,FSB. Replace LG Flexible Section Assembly,Bộ phận dây dẫn ống soi
FMSV2022120084,R034,FSB. Replace LG Flexible Section Assembly,Bộ phận dây dẫn ống soi
FMSV2022120087,R034,FSB. Replace LG Flexible Section Assembly,Bộ phận dây dẫn ống soi
FMSV2022120088,R034,FSB. Replace LG Flexible Section Assembly,Bộ phận dây dẫn ống soi
FMSV2022120100,R034,FSB. Replace LG Flexible Section Assembly,Bộ phận dây dẫn ống soi
FMSV2023010018,R034,FSB. Replace LG Flexible Section Assembly,Bộ phận dây dẫn ống soi
FMSV2023010026,R034,FSB. Replace LG Flexible Section Assembly,Bộ phận dây dẫn ống soi
FMSV2023020003,R034,FSB. Replace LG Flexible Section Assembly,Bộ phận dây dẫn ống soi
FMSV2023020022,R034,FSB. Replace LG Flexible Section Assembly,Bộ phận dây dẫn ống soi
FMSV2023020058,R034,FSB. Replace LG Flexible Section Assembly,Bộ phận dây dẫn ống soi
FMSV2023020060,R034,FSB. Replace LG Flexible Section Assembly,Bộ phận dây dẫn ống soi
FMSV2023020061,R034,FSB. Replace LG Flexible Section Assembly,Bộ phận dây dẫn ống soi
FMSV2023030022,R034,FSB. Replace LG Flexible Section Assembly,Bộ phận dây dẫn ống soi
FMSV2023030040,R034,FSB. Replace LG Flexible Section Assembly,Bộ phận dây dẫn ống soi
FMSV2023030061,R034,FSB. Replace LG Flexible Section Assembly,Bộ phận dây dẫn ống soi
FMSV2023030069,R034,FSB. Replace LG Flexible Section Assembly,Bộ phận dây dẫn ống soi
FMSV2023070015,R034,FSB. Replace LG Flexible Section Assembly,Bộ phận dây dẫn ống soi
FMSV2023080013,R034,FSB. Replace LG Flexible Section Assembly,Bộ phận dây dẫn ống soi
FMSV2023080014,R034,FSB. Replace LG Flexible Section Assembly,Bộ phận dây dẫn ống soi
FMSV2023080016,R034,FSB. Replace LG Flexible Section Assembly,Bộ phận dây dẫn ống soi
FMSV2023080018,R034,FSB. Replace LG Flexible Section Assembly,Bộ phận dây dẫn ống soi
FMSV2023080020,R034,FSB. Replace LG Flexible Section Assembly,Bộ phận dây dẫn ống soi
FMSV2023080024,R034,FSB. Replace LG Flexible Section Assembly,Bộ phận dây dẫn ống soi
FMSV2023080049,R034,FSB. Replace LG Flexible Section Assembly,Bộ phận dây dẫn ống soi
FMSV2023080050,R034,FSB. Replace LG Flexible Section Assembly,Bộ phận dây dẫn ống soi
FMSV2023080056,R034,FSB. Replace LG Flexible Section Assembly,Bộ phận dây dẫn ống soi
FMSV2023080057,R034,FSB. Replace LG Flexible Section Assembly,Bộ phận dây dẫn ống soi
FMSV2023080058,R034,FSB. Replace LG Flexible Section Assembly,Bộ phận dây dẫn ống soi
FMSV2023080062,R034,FSB. Replace LG Flexible Section Assembly,Bộ phận dây dẫn ống soi
FMSV2023080068,R034,FSB. Replace LG Flexible Section Assembly,Bộ phận dây dẫn ống soi
FMSV2023080074,R034,FSB. Replace LG Flexible Section Assembly,Bộ phận dây dẫn ống soi
FMSV2023080076,R034,FSB. Replace LG Flexible Section Assembly,Bộ phận dây dẫn ống soi
FMSV2023080078,R034,FSB. Replace LG Flexible Section Assembly,Bộ phận dây dẫn ống soi
FMSV2023080079,R034,FSB. Replace LG Flexible Section Assembly,Bộ phận dây dẫn ống soi
FMSV2023080085,R034,FSB. Replace LG Flexible Section Assembly,Bộ phận dây dẫn ống soi
FMSV2023080087,R034,FSB. Replace LG Flexible Section Assembly,Bộ phận dây dẫn ống soi
FMSV2023090005,R034,FSB. Replace LG Flexible Section Assembly,Bộ phận dây dẫn ống soi
FMSV2023090012,R034,FSB. Replace LG Flexible Section Assembly,Bộ phận dây dẫn ống soi
FMSV2023090013,R034,FSB. Replace LG Flexible Section Assembly,Bộ phận dây dẫn ống soi
FMSV2023090017,R034,FSB. Replace LG Flexible Section Assembly,Bộ phận dây dẫn ống soi
FMSV2023090035,R034,FSB. Replace LG Flexible Section Assembly,Bộ phận dây dẫn ống soi
FMSV2023090039,R034,FSB. Replace LG Flexible Section Assembly,Bộ phận dây dẫn ống soi
FMSV2023090046,R034,FSB. Replace LG Flexible Section Assembly,Bộ phận dây dẫn ống soi
FMSV2023090049,R034,FSB. Replace LG Flexible Section Assembly,Bộ phận dây dẫn ống soi
FMSV2022110063,R035,FSB.Replace FSB with Suc/Air/Water Tube,Bộ phận dây dẫn ống soi
FMSV2022120022,R035,FSB.Replace FSB with Suc/Air/Water Tube,Bộ phận dây dẫn ống soi
FMSV2021100018,R038,ISA. Replace Inserting Section Assembly,Bộ phận thân ống soi
FMSV2021110074,R038,ISA. Replace Inserting Section Assembly,Bộ phận thân ống soi
FMSV2022030006,R038,ISA. Replace Inserting Section Assembly,Bộ phận thân ống soi
FMSV2022030014,R038,ISA. Replace Inserting Section Assembly,Bộ phận thân ống soi
FMSV2022050048,R038,ISA. Replace Inserting Section Assembly,Bộ phận thân ống soi
FMSV2022100023,R038,ISA. Replace Inserting Section Assembly,Bộ phận thân ống soi
FMSV2022100023,R038,ISA. Replace Inserting Section Assembly,Bộ phận thân ống soi
FMSV2022100071,R038,ISA. Replace Inserting Section Assembly,Bộ phận thân ống soi
FMSV2022100071,R038,ISA. Replace Inserting Section Assembly,Bộ phận thân ống soi
FMSV2022120018,R038,ISA. Replace Inserting Section Assembly,Bộ phận thân ống soi
FMSV2022120018,R038,ISA. Replace Inserting Section Assembly,Bộ phận thân ống soi
FMSV2022120047,R038,ISA. Replace Inserting Section Assembly,Bộ phận thân ống soi
FMSV2023020001,R038,ISA. Replace Inserting Section Assembly,Bộ phận thân ống soi
FMSV2023020003,R038,ISA. Replace Inserting Section Assembly,Bộ phận thân ống soi
FMSV2023060018,R038,ISA. Replace Inserting Section Assembly,Bộ phận thân ống soi
FMSV2023070009,R038,ISA. Replace Inserting Section Assembly,Bộ phận thân ống soi
FMSV2023080042,R038,ISA. Replace Inserting Section Assembly,Bộ phận thân ống soi
FMSV2023080082,R038,ISA. Replace Inserting Section Assembly,Bộ phận thân ống soi
FMSV2023090002,R038,ISA. Replace Inserting Section Assembly,Bộ phận thân ống soi
FMSV2021110097,R039,LC. Replace LG Connector Assembly,Bộ phận kết nối ống soi
FMSV2022070040,R039,LC. Replace LG Connector Assembly,Bộ phận kết nối ống soi
FMSV2022120032,R039,LC. Replace LG Connector Assembly,Bộ phận kết nối ống soi
FMSV2022120100,R039,LC. Replace LG Connector Assembly,Bộ phận kết nối ống soi
FMSV2023080020,R039,LC. Replace LG Connector Assembly,Bộ phận kết nối ống soi
FMSV2023080068,R039,LC. Replace LG Connector Assembly,Bộ phận kết nối ống soi
FMSV2021060044,R041,LGB. Replace Light Guide Bundle Assembly with FCT/,Dây dẫn sáng
FMSV2021110027,R041,LGB. Replace Light Guide Bundle Assembly with FCT/,Dây dẫn sáng
FMSV2022060056,R041,LGB. Replace Light Guide Bundle Assembly with FCT/,Dây dẫn sáng
FMSV2022100022,R041,LGB. Replace Light Guide Bundle Assembly with FCT/,Dây dẫn sáng
FMSV2022110053,R041,LGB. Replace Light Guide Bundle Assembly with FCT/,Dây dẫn sáng
FMSV2022120012,R041,LGB. Replace Light Guide Bundle Assembly with FCT/,Dây dẫn sáng
FMSV2022120019,R041,LGB. Replace Light Guide Bundle Assembly with FCT/,Dây dẫn sáng
FMSV2022120031,R041,LGB. Replace Light Guide Bundle Assembly with FCT/,Dây dẫn sáng
FMSV2022120036,R041,LGB. Replace Light Guide Bundle Assembly with FCT/,Dây dẫn sáng
FMSV2022120047,R041,LGB. Replace Light Guide Bundle Assembly with FCT/,Dây dẫn sáng
FMSV2022120053,R041,LGB. Replace Light Guide Bundle Assembly with FCT/,Dây dẫn sáng
FMSV2022120084,R041,LGB. Replace Light Guide Bundle Assembly with FCT/,Dây dẫn sáng
FMSV2023010018,R041,LGB. Replace Light Guide Bundle Assembly with FCT/,Dây dẫn sáng
FMSV2023020058,R041,LGB. Replace Light Guide Bundle Assembly with FCT/,Dây dẫn sáng
FMSV2023020061,R041,LGB. Replace Light Guide Bundle Assembly with FCT/,Dây dẫn sáng
FMSV2023030054,R041,LGB. Replace Light Guide Bundle Assembly with FCT/,Dây dẫn sáng
FMSV2023030069,R041,LGB. Replace Light Guide Bundle Assembly with FCT/,Dây dẫn sáng
FMSV2023040039,R041,LGB. Replace Light Guide Bundle Assembly with FCT/,Dây dẫn sáng
FMSV2023040065,R041,LGB. Replace Light Guide Bundle Assembly with FCT/,Dây dẫn sáng
FMSV2023080055,R041,LGB. Replace Light Guide Bundle Assembly with FCT/,Dây dẫn sáng
FMSV2023090018,R041,LGB. Replace Light Guide Bundle Assembly with FCT/,Dây dẫn sáng
FMSV2023090021,R041,LGB. Replace Light Guide Bundle Assembly with FCT/,Dây dẫn sáng
FMSV2023090027,R041,LGB. Replace Light Guide Bundle Assembly with FCT/,Dây dẫn sáng
FMSV2023090046,R041,LGB. Replace Light Guide Bundle Assembly with FCT/,Dây dẫn sáng
FMSV2023080040,R044,LPA. Reglue/Cleaning Glass of LG Probe Assembly,Thấu kính dẫn sáng
FMSV2023030080,R046,NOZ. Replace Distal End Nozzle,Vòi phun khí nước
FMSV2022060037,R047,NOZ. Repair/Unclog Nozzle,Vòi phun khí nước
FMSV2022120043,R050,OSA. Readjust/Repair Joint Section of Angle Wire a,Bộ phận điều khiển
FMSV2022120083,R050,OSA. Readjust/Repair Joint Section of Angle Wire a,Bộ phận điều khiển
FMSV2022120093,R050,OSA. Readjust/Repair Joint Section of Angle Wire a,Bộ phận điều khiển
FMSV2022120094,R050,OSA. Readjust/Repair Joint Section of Angle Wire a,Bộ phận điều khiển
FMSV2023020040,R050,OSA. Readjust/Repair Joint Section of Angle Wire a,Bộ phận điều khiển
FMSV2023030062,R050,OSA. Readjust/Repair Joint Section of Angle Wire a,Bộ phận điều khiển
FMSV2023030078,R050,OSA. Readjust/Repair Joint Section of Angle Wire a,Bộ phận điều khiển
FMSV2023040008,R050,OSA. Readjust/Repair Joint Section of Angle Wire a,Bộ phận điều khiển
FMSV2023070002,R050,OSA. Readjust/Repair Joint Section of Angle Wire a,Bộ phận điều khiển
FMSV2023080036,R050,OSA. Readjust/Repair Joint Section of Angle Wire a,Bộ phận điều khiển
FMSV2023080046,R050,OSA. Readjust/Repair Joint Section of Angle Wire a,Bộ phận điều khiển
FMSV2023080047,R050,OSA. Readjust/Repair Joint Section of Angle Wire a,Bộ phận điều khiển
FMSV2023080054,R050,OSA. Readjust/Repair Joint Section of Angle Wire a,Bộ phận điều khiển
FMSV2023080084,R050,OSA. Readjust/Repair Joint Section of Angle Wire a,Bộ phận điều khiển
FMSV2023080086,R050,OSA. Readjust/Repair Joint Section of Angle Wire a,Bộ phận điều khiển
FMSV2023080090,R050,OSA. Readjust/Repair Joint Section of Angle Wire a,Bộ phận điều khiển
FMSV2023080093,R050,OSA. Readjust/Repair Joint Section of Angle Wire a,Bộ phận điều khiển
FMSV2023080093,R050,OSA. Readjust/Repair Joint Section of Angle Wire a,Bộ phận điều khiển
FMSV2023090045,R050,OSA. Readjust/Repair Joint Section of Angle Wire a,Bộ phận điều khiển
FMSV2022120089,R052,OSA. Replace Main Cover for Operating Section,Vỏ nhựa
FMSV2023030041,R052,OSA. Replace Main Cover for Operating Section,Vỏ nhựa
FMSV2023040063,R052,OSA. Replace Main Cover for Operating Section,Vỏ nhựa
FMSV2023080070,R052,OSA. Replace Main Cover for Operating Section,Vỏ nhựa
FMSV2023080102,R052,OSA. Replace Main Cover for Operating Section,Vỏ nhựa
FMSV2022030006,R055,PCB. Color Adjustment,Cài màu
FMSV2022030014,R055,PCB. Color Adjustment,Cài màu
FMSV2022060037,R055,PCB. Color Adjustment,Cài màu
FMSV2022080072,R055,PCB. Color Adjustment,Cài màu
FMSV2023090053,R055,PCB. Color Adjustment,Cài màu
FMSV2022070081,R057,PCB. Replace Printed Circuit Board,Bo mạch điều khiển
FMSV2022100071,R057,PCB. Replace Printed Circuit Board,Bo mạch điều khiển
FMSV2023020056,R077,RBS.Re-glue around Rubber for BSA,Làm lại keo
FMSV2023060057,R077,RBS.Re-glue around Rubber for BSA,Làm lại keo
FMSV2023060070,R077,RBS.Re-glue around Rubber for BSA,Làm lại keo
FMSV2023080072,R077,RBS.Re-glue around Rubber for BSA,Làm lại keo
FMSV2023080073,R077,RBS.Re-glue around Rubber for BSA,Làm lại keo
FMSV2023080089,R077,RBS.Re-glue around Rubber for BSA,Làm lại keo
FMSV2021110027,R063,VCA. Replace Video Connector Assembly,Bộ phận kết nối tín hiệu
FMSV2022030006,R063,VCA. Replace Video Connector Assembly,Bộ phận kết nối tín hiệu
FMSV2022030014,R063,VCA. Replace Video Connector Assembly,Bộ phận kết nối tín hiệu
FMSV2022060030,R063,VCA. Replace Video Connector Assembly,Bộ phận kết nối tín hiệu
FMSV2022060037,R063,VCA. Replace Video Connector Assembly,Bộ phận kết nối tín hiệu
FMSV2022070027,R063,VCA. Replace Video Connector Assembly,Bộ phận kết nối tín hiệu
FMSV2022080072,R063,VCA. Replace Video Connector Assembly,Bộ phận kết nối tín hiệu
FMSV2022090061,R063,VCA. Replace Video Connector Assembly,Bộ phận kết nối tín hiệu
FMSV2022090066,R063,VCA. Replace Video Connector Assembly,Bộ phận kết nối tín hiệu
FMSV2022100027,R063,VCA. Replace Video Connector Assembly,Bộ phận kết nối tín hiệu
FMSV2022100086,R063,VCA. Replace Video Connector Assembly,Bộ phận kết nối tín hiệu
FMSV2022110008,R063,VCA. Replace Video Connector Assembly,Bộ phận kết nối tín hiệu
FMSV2022110033,R063,VCA. Replace Video Connector Assembly,Bộ phận kết nối tín hiệu
FMSV2022110061,R063,VCA. Replace Video Connector Assembly,Bộ phận kết nối tín hiệu
FMSV2022120017,R063,VCA. Replace Video Connector Assembly,Bộ phận kết nối tín hiệu
FMSV2022120023,R063,VCA. Replace Video Connector Assembly,Bộ phận kết nối tín hiệu
FMSV2022120026,R063,VCA. Replace Video Connector Assembly,Bộ phận kết nối tín hiệu
FMSV2022120027,R063,VCA. Replace Video Connector Assembly,Bộ phận kết nối tín hiệu
FMSV2022120031,R063,VCA. Replace Video Connector Assembly,Bộ phận kết nối tín hiệu
FMSV2022120032,R063,VCA. Replace Video Connector Assembly,Bộ phận kết nối tín hiệu
FMSV2022120033,R063,VCA. Replace Video Connector Assembly,Bộ phận kết nối tín hiệu
FMSV2022120035,R063,VCA. Replace Video Connector Assembly,Bộ phận kết nối tín hiệu
FMSV2022120039,R063,VCA. Replace Video Connector Assembly,Bộ phận kết nối tín hiệu
FMSV2022120042,R063,VCA. Replace Video Connector Assembly,Bộ phận kết nối tín hiệu
FMSV2022120044,R063,VCA. Replace Video Connector Assembly,Bộ phận kết nối tín hiệu
FMSV2022120050,R063,VCA. Replace Video Connector Assembly,Bộ phận kết nối tín hiệu
FMSV2022120053,R063,VCA. Replace Video Connector Assembly,Bộ phận kết nối tín hiệu
FMSV2022120055,R063,VCA. Replace Video Connector Assembly,Bộ phận kết nối tín hiệu
FMSV2022120061,R063,VCA. Replace Video Connector Assembly,Bộ phận kết nối tín hiệu
FMSV2022120084,R063,VCA. Replace Video Connector Assembly,Bộ phận kết nối tín hiệu
FMSV2022120100,R063,VCA. Replace Video Connector Assembly,Bộ phận kết nối tín hiệu
FMSV2023020003,R063,VCA. Replace Video Connector Assembly,Bộ phận kết nối tín hiệu
FMSV2023020056,R063,VCA. Replace Video Connector Assembly,Bộ phận kết nối tín hiệu
FMSV2023020060,R063,VCA. Replace Video Connector Assembly,Bộ phận kết nối tín hiệu
FMSV2023030054,R063,VCA. Replace Video Connector Assembly,Bộ phận kết nối tín hiệu
FMSV2023050078,R063,VCA. Replace Video Connector Assembly,Bộ phận kết nối tín hiệu
FMSV2023050078,R063,VCA. Replace Video Connector Assembly,Bộ phận kết nối tín hiệu
FMSV2023060018,R063,VCA. Replace Video Connector Assembly,Bộ phận kết nối tín hiệu
FMSV2023070015,R063,VCA. Replace Video Connector Assembly,Bộ phận kết nối tín hiệu
FMSV2023080003,R063,VCA. Replace Video Connector Assembly,Bộ phận kết nối tín hiệu
FMSV2023080004,R063,VCA. Replace Video Connector Assembly,Bộ phận kết nối tín hiệu
FMSV2023080008,R063,VCA. Replace Video Connector Assembly,Bộ phận kết nối tín hiệu
FMSV2023080015,R063,VCA. Replace Video Connector Assembly,Bộ phận kết nối tín hiệu
FMSV2023080042,R063,VCA. Replace Video Connector Assembly,Bộ phận kết nối tín hiệu
FMSV2023080062,R063,VCA. Replace Video Connector Assembly,Bộ phận kết nối tín hiệu
FMSV2023080074,R063,VCA. Replace Video Connector Assembly,Bộ phận kết nối tín hiệu
FMSV2023080076,R063,VCA. Replace Video Connector Assembly,Bộ phận kết nối tín hiệu
FMSV2023080078,R063,VCA. Replace Video Connector Assembly,Bộ phận kết nối tín hiệu
FMSV2023080084,R063,VCA. Replace Video Connector Assembly,Bộ phận kết nối tín hiệu
FMSV2023080097,R063,VCA. Replace Video Connector Assembly,Bộ phận kết nối tín hiệu
FMSV2023090013,R063,VCA. Replace Video Connector Assembly,Bộ phận kết nối tín hiệu
FMSV2023090029,R063,VCA. Replace Video Connector Assembly,Bộ phận kết nối tín hiệu
FMSV2023090049,R063,VCA. Replace Video Connector Assembly,Bộ phận kết nối tín hiệu
FMSV2023080004,R064,WGA. Re-glue around Camera Head Assembly,Đầu thu hình
FMSV2021110027,R065,WGB. Replace Light Guide Lens,Thấu kính dẫn sáng
FMSV2022090066,R065,WGB. Replace Light Guide Lens,Thấu kính dẫn sáng
FMSV2022120031,R065,WGB. Replace Light Guide Lens,Thấu kính dẫn sáng
FMSV2022100021,R066,WGB.Re-glue around Lens,Thấu kính dẫn sáng
FMSV2023010006,R066,WGB.Re-glue around Lens,Thấu kính dẫn sáng
FMSV2023030063,R066,WGB.Re-glue around Lens,Thấu kính dẫn sáng
FMSV2023040011,R066,WGB.Re-glue around Lens,Thấu kính dẫn sáng
FMSV2023080005,R066,WGB.Re-glue around Lens,Thấu kính dẫn sáng
FMSV2022120006,R068,SW. Replace Switchs,Nút nhấn
FMSV2022120023,R068,SW. Replace Switchs,Nút nhấn
FMSV2022120082,R068,SW. Replace Switchs,Nút nhấn
FMSV2023080016,R068,SW. Replace Switchs,Nút nhấn
FMSV2023080076,R068,SW. Replace Switchs,Nút nhấn
FMSV2023080082,R068,SW. Replace Switchs,Nút nhấn
FMSV2022060025,R069,WJT.Replace Water Jet Tube with RBS ,Kênh nước phụ
FMSV2023070027,R069,WJT.Replace Water Jet Tube with RBS ,Kênh nước phụ
FMSV2023060048,R071,WGA.Re-glue around Lens  ,Đầu thu hình
FMSV2022120026,R085,WJT. Repair/Unclog Water Jet Tube Assy,Kênh nước phụ
FMSV2023090019,R088,ANGL. Adjustment of Lock pressure,Bộ phận điều khiển
FMSV2021060044,R089,CHA. Replace of CHA,Đầu thu hình
FMSV2022020027,R089,CHA. Replace of CHA,Đầu thu hình
FMSV2022050018,R089,CHA. Replace of CHA,Đầu thu hình
FMSV2022060033,R089,CHA. Replace of CHA,Đầu thu hình
FMSV2022070081,R089,CHA. Replace of CHA,Đầu thu hình
FMSV2022090060,R089,CHA. Replace of CHA,Đầu thu hình
FMSV2022090061,R089,CHA. Replace of CHA,Đầu thu hình
FMSV2022100064,R089,CHA. Replace of CHA,Đầu thu hình
FMSV2022110031,R089,CHA. Replace of CHA,Đầu thu hình
FMSV2022110069,R089,CHA. Replace of CHA,Đầu thu hình
FMSV2022120019,R089,CHA. Replace of CHA,Đầu thu hình
FMSV2022120055,R089,CHA. Replace of CHA,Đầu thu hình
FMSV2022120061,R089,CHA. Replace of CHA,Đầu thu hình
FMSV2022120088,R089,CHA. Replace of CHA,Đầu thu hình
FMSV2023030075,R089,CHA. Replace of CHA,Đầu thu hình
FMSV2023040021,R089,CHA. Replace of CHA,Đầu thu hình
FMSV2023040066,R089,CHA. Replace of CHA,Đầu thu hình
FMSV2023050016,R089,CHA. Replace of CHA,Đầu thu hình
FMSV2023060041,R089,CHA. Replace of CHA,Đầu thu hình
FMSV2023060064,R089,CHA. Replace of CHA,Đầu thu hình
FMSV2023070015,R089,CHA. Replace of CHA,Đầu thu hình
FMSV2023080004,R089,CHA. Replace of CHA,Đầu thu hình
FMSV2023080008,R089,CHA. Replace of CHA,Đầu thu hình
FMSV2023080043,R089,CHA. Replace of CHA,Đầu thu hình
FMSV2023080044,R089,CHA. Replace of CHA,Đầu thu hình
FMSV2023080062,R089,CHA. Replace of CHA,Đầu thu hình
FMSV2023080075,R089,CHA. Replace of CHA,Đầu thu hình
FMSV2023080083,R089,CHA. Replace of CHA,Đầu thu hình
FMSV2023080100,R089,CHA. Replace of CHA,Đầu thu hình
FMSV2023080101,R089,CHA. Replace of CHA,Đầu thu hình
FMSV2023080102,R089,CHA. Replace of CHA,Đầu thu hình
FMSV2023090007,R089,CHA. Replace of CHA,Đầu thu hình
FMSV2023090013,R089,CHA. Replace of CHA,Đầu thu hình
FMSV2023090020,R089,CHA. Replace of CHA,Đầu thu hình
FMSV2023090028,R089,CHA. Replace of CHA,Đầu thu hình
FMSV2022080014,R018,DEC. Replace Distal End Cap　with　Nozzle,Nắp nhựa
FMSV2022100005,R018,DEC. Replace Distal End Cap　with　Nozzle,Nắp nhựa
FMSV2023020002,R018,DEC. Replace Distal End Cap　with　Nozzle,Nắp nhựa
FMSV2023040019,R018,DEC. Replace Distal End Cap　with　Nozzle,Nắp nhựa
FMSV2023070079,R018,DEC. Replace Distal End Cap　with　Nozzle,Nắp nhựa
FMSV2023070080,R018,DEC. Replace Distal End Cap　with　Nozzle,Nắp nhựa
FMSV2023080028,R018,DEC. Replace Distal End Cap　with　Nozzle,Nắp nhựa
FMSV2023080049,R018,DEC. Replace Distal End Cap　with　Nozzle,Nắp nhựa
FMSV2023080058,R018,DEC. Replace Distal End Cap　with　Nozzle,Nắp nhựa
FMSV2023090046,R018,DEC. Replace Distal End Cap　with　Nozzle,Nắp nhựa
FMSV2022060072,R092,CHA.Replace CHA with RBS,Đầu thu hình
FMSV2022120002,R092,CHA.Replace CHA with RBS,Đầu thu hình
FMSV2022120058,R092,CHA.Replace CHA with RBS,Đầu thu hình
FMSV2022120062,R092,CHA.Replace CHA with RBS,Đầu thu hình
FMSV2022120065,R092,CHA.Replace CHA with RBS,Đầu thu hình
FMSV2023010009,R092,CHA.Replace CHA with RBS,Đầu thu hình
FMSV2023030019,R092,CHA.Replace CHA with RBS,Đầu thu hình
FMSV2023040064,R092,CHA.Replace CHA with RBS,Đầu thu hình
FMSV2023080055,R092,CHA.Replace CHA with RBS,Đầu thu hình
FMSV2023080060,R092,CHA.Replace CHA with RBS,Đầu thu hình
FMSV2023080087,R092,CHA.Replace CHA with RBS,Đầu thu hình
FMSV2023090001,R092,CHA.Replace CHA with RBS,Đầu thu hình
FMSV2023090041,R092,CHA.Replace CHA with RBS,Đầu thu hình
FMSV2021030028,R091,DEC.Replace Distal End Cap with NOZ/RBS,Nắp nhựa
FMSV2022080072,R091,DEC.Replace Distal End Cap with NOZ/RBS,Nắp nhựa
FMSV2022120063,R091,DEC.Replace Distal End Cap with NOZ/RBS,Nắp nhựa
FMSV2023080060,R091,DEC.Replace Distal End Cap with NOZ/RBS,Nắp nhựa
FMSV2022100021,R098,VCA.Wiring for Video Connector　,Bộ phận kết nối tín hiệu
FMSV2022100042,R098,VCA.Wiring for Video Connector　,Bộ phận kết nối tín hiệu
FMSV2022110041,R098,VCA.Wiring for Video Connector　,Bộ phận kết nối tín hiệu
FMSV2023030063,R098,VCA.Wiring for Video Connector　,Bộ phận kết nối tín hiệu
FMSV2023070009,R098,VCA.Wiring for Video Connector　,Bộ phận kết nối tín hiệu
FMSV2023080034,R098,VCA.Wiring for Video Connector　,Bộ phận kết nối tín hiệu
FMSV2023080066,R098,VCA.Wiring for Video Connector　,Bộ phận kết nối tín hiệu
FMSV2023090032,R098,VCA.Wiring for Video Connector　,Bộ phận kết nối tín hiệu
FMSV2021030028,R101,CHA.Replace CHA&FSA/BSA/FCT/AWT/RBS,Đầu thu hình
FMSV2022070037,R105,WGA/WGB.Re-glue around Lens ,Đầu thu hình
FMSV2023030062,R105,WGA/WGB.Re-glue around Lens ,Đầu thu hình
FMSV2023080077,R105,WGA/WGB.Re-glue around Lens ,Đầu thu hình
FMSV2023040021,R106,WGB/NOZ.Re-glue around Lens/Nozzle,Vòi phun khí nước
FMSV2021110097,R108,LLA.Replace LG Lens Assy with DEC/NOZ,Thấu kính dẫn sáng
FMSV2023050013,R108,LLA.Replace LG Lens Assy with DEC/NOZ,Thấu kính dẫn sáng
FMSV2023040011,R109,SW.Wiring for Switch Cable　,Nút nhấn
FMSV2023060043,R109,SW.Wiring for Switch Cable　,Nút nhấn
FMSV2023080027,R109,SW.Wiring for Switch Cable　,Nút nhấn
FMSV2023080065,R109,SW.Wiring for Switch Cable　,Nút nhấn
FMSV2023090032,R109,SW.Wiring for Switch Cable　,Nút nhấn
FMSV2022020018,R110,DES.Re-glue around Distal End Sleeve,Nắp nhựa
FMSV2022070037,R113,VCA. Replace Parts for VCA,Bộ phận kết nối tín hiệu
FMSV2022120061,R113,VCA. Replace Parts for VCA,Bộ phận kết nối tín hiệu
FMSV2022120061,R113,VCA. Replace Parts for VCA,Bộ phận kết nối tín hiệu
FMSV2022120065,R113,VCA. Replace Parts for VCA,Bộ phận kết nối tín hiệu
FMSV2023020063,R113,VCA. Replace Parts for VCA,Bộ phận kết nối tín hiệu
FMSV2023030022,R113,VCA. Replace Parts for VCA,Bộ phận kết nối tín hiệu
FMSV2023040039,R113,VCA. Replace Parts for VCA,Bộ phận kết nối tín hiệu
FMSV2023080064,R113,VCA. Replace Parts for VCA,Bộ phận kết nối tín hiệu
FMSV2023090030,R113,VCA. Replace Parts for VCA,Bộ phận kết nối tín hiệu
FMSV2023090035,R113,VCA. Replace Parts for VCA,Bộ phận kết nối tín hiệu
FMSV2022090010,R115,DWA.Replace Drum Wire Assembly,Dây cáp (thép)
FMSV2023090013,R115,DWA.Replace Drum Wire Assembly,Dây cáp (thép)
FMSV2022120002,R096,DEC.Replace Distal End Cap ,Nắp nhựa
FMSV2023010006,R096,DEC.Replace Distal End Cap ,Nắp nhựa
FMSV2023020061,R096,DEC.Replace Distal End Cap ,Nắp nhựa
FMSV2023080043,R096,DEC.Replace Distal End Cap ,Nắp nhựa
FMSV2023090027,R096,DEC.Replace Distal End Cap ,Nắp nhựa
FMSV2022120063,R119,LGB. Replace LGB Assy with RBS,Dây dẫn sáng
FMSV2022120065,R119,LGB. Replace LGB Assy with RBS,Dây dẫn sáng
FMSV2023080061,R119,LGB. Replace LGB Assy with RBS,Dây dẫn sáng
FMSV2023080082,R119,LGB. Replace LGB Assy with RBS,Dây dẫn sáng
FMSV2023080100,R119,LGB. Replace LGB Assy with RBS,Dây dẫn sáng
FMSV2022050048,R120,Replace Rubber Corn,Vỏ cao su
FMSV2023020040,R120,Replace Rubber Corn,Vỏ cao su
FMSV2023080050,R120,Replace Rubber Corn,Vỏ cao su
FMSV2022070027,R123,VCAC.Replace Parts for VCA CAP,Bộ phận kết nối tín hiệu
FMSV2023010026,R123,VCAC.Replace Parts for VCA CAP,Bộ phận kết nối tín hiệu
FMSV2023090018,R123,VCAC.Replace Parts for VCA CAP,Bộ phận kết nối tín hiệu
FMSV2022060054,R125,LGB. Replace Light Guide Bundle Assy,Dây dẫn sáng
FMSV2022070027,R125,LGB. Replace Light Guide Bundle Assy,Dây dẫn sáng
FMSV2022090058,R125,LGB. Replace Light Guide Bundle Assy,Dây dẫn sáng
FMSV2022100042,R125,LGB. Replace Light Guide Bundle Assy,Dây dẫn sáng
FMSV2022110037,R125,LGB. Replace Light Guide Bundle Assy,Dây dẫn sáng
FMSV2022120003,R125,LGB. Replace Light Guide Bundle Assy,Dây dẫn sáng
FMSV2022120061,R125,LGB. Replace Light Guide Bundle Assy,Dây dẫn sáng
FMSV2022120062,R125,LGB. Replace Light Guide Bundle Assy,Dây dẫn sáng
FMSV2023010008,R125,LGB. Replace Light Guide Bundle Assy,Dây dẫn sáng
FMSV2023020022,R125,LGB. Replace Light Guide Bundle Assy,Dây dẫn sáng
FMSV2023080062,R125,LGB. Replace Light Guide Bundle Assy,Dây dẫn sáng
FMSV2023080102,R125,LGB. Replace Light Guide Bundle Assy,Dây dẫn sáng
FMSV2023060019,R132,SW. Replace Switch　Cable　,Nút nhấn
FMSV2023090033,R132,SW. Replace Switch　Cable　,Nút nhấn
FMSV2023080009,R141,OSA.Replace FCT INLET Assy,Ngõ vào kênh sinh thiết
FMSV2023080009,R141,OSA.Replace FCT INLET Assy,Ngõ vào kênh sinh thiết
FMSV2020110015,R145,WJT.Replace Water Jet Tube Assembly,Kênh nước phụ
FMSV2023040064,R145,WJT.Replace Water Jet Tube Assembly,Kênh nước phụ
FMSV2023060041,R145,WJT.Replace Water Jet Tube Assembly,Kênh nước phụ
FMSV2021100018,R118,FSA.Replace IG FSA with RBS,Vỏ ống luồn
FMSV2022070008,R118,FSA.Replace IG FSA with RBS,Vỏ ống luồn
FMSV2022090010,R118,FSA.Replace IG FSA with RBS,Vỏ ống luồn
FMSV2022110027,R118,FSA.Replace IG FSA with RBS,Vỏ ống luồn
FMSV2022110041,R118,FSA.Replace IG FSA with RBS,Vỏ ống luồn
FMSV2022120026,R118,FSA.Replace IG FSA with RBS,Vỏ ống luồn
FMSV2022120053,R118,FSA.Replace IG FSA with RBS,Vỏ ống luồn
FMSV2023010018,R118,FSA.Replace IG FSA with RBS,Vỏ ống luồn
FMSV2023040019,R118,FSA.Replace IG FSA with RBS,Vỏ ống luồn
FMSV2023040069,R118,FSA.Replace IG FSA with RBS,Vỏ ống luồn
FMSV2023060064,R118,FSA.Replace IG FSA with RBS,Vỏ ống luồn
FMSV2023070009,R118,FSA.Replace IG FSA with RBS,Vỏ ống luồn
FMSV2022090025,R162,BSA.Resoldering,Bộ phận uốn cong
FMSV2022120075,R162,BSA.Resoldering,Bộ phận uốn cong
FMSV2022120097,R162,BSA.Resoldering,Bộ phận uốn cong
FMSV2022120099,R162,BSA.Resoldering,Bộ phận uốn cong
FMSV2023010019,R162,BSA.Resoldering,Bộ phận uốn cong
FMSV2023030058,R162,BSA.Resoldering,Bộ phận uốn cong
FMSV2023060019,R162,BSA.Resoldering,Bộ phận uốn cong
FMSV2023080040,R162,BSA.Resoldering,Bộ phận uốn cong
FMSV2023080092,R162,BSA.Resoldering,Bộ phận uốn cong
FMSV2023090006,R162,BSA.Resoldering,Bộ phận uốn cong
FMSV2023090023,R162,BSA.Resoldering,Bộ phận uốn cong
FMSV2023090033,R162,BSA.Resoldering,Bộ phận uốn cong
FMSV2023090036,R162,BSA.Resoldering,Bộ phận uốn cong
FMSV2023090053,R162,BSA.Resoldering,Bộ phận uốn cong
FMSV2022090066,R171,CHA.Celaning of CHA around Epoxy area only,Đầu thu hình
FMSV2023040069,R171,CHA.Celaning of CHA around Epoxy area only,Đầu thu hình
FMSV2023080037,R171,CHA.Celaning of CHA around Epoxy area only,Đầu thu hình
FMSV2022120021,R206,O.Cleaning,Vệ sinh
FMSV2023020020,R206,O.Cleaning,Vệ sinh
FMSV2021090002,R216,PCB.Replace Patient PCB,Bo mạch điều khiển
FMSV2022120051,R216,PCB.Replace Patient PCB,Bo mạch điều khiển
FMSV2023010004,R217,PCB.Repair PCB,Bo mạch điều khiển
FMSV2023040057,R217,PCB.Repair PCB,Bo mạch điều khiển
FMSV2022110019,R220,PCB Replace Main PCB,Bo mạch chính
FMSV2022110026,R220,PCB Replace Main PCB,Bo mạch chính
FMSV2022120052,R220,PCB Replace Main PCB,Bo mạch chính
FMSV2023010001,R220,PCB Replace Main PCB,Bo mạch chính
FMSV2023020067,R220,PCB Replace Main PCB,Bo mạch chính
FMSV2023030060,R220,PCB Replace Main PCB,Bo mạch chính
FMSV2023070039,R220,PCB Replace Main PCB,Bo mạch chính
FMSV2023080002,R220,PCB Replace Main PCB,Bo mạch chính
FMSV2023080010,R220,PCB Replace Main PCB,Bo mạch chính
FMSV2023090003,R220,PCB Replace Main PCB,Bo mạch chính
FMSV2023090008,R220,PCB Replace Main PCB,Bo mạch chính
FMSV2022120074,R230,LPS. Replace Lamp Power Suply Unit,Bộ cấp nguồn bóng đèn
FMSV2021110026,R235,PCB. Replace Light Control PCB,Bo mạch điều khiển
FMSV2022060038,R270,IRS.Replace Iris Assy,Thay thế bộ phận điều khiển ánh sáng
FMSV2022060039,R270,IRS.Replace Iris Assy,Thay thế bộ phận điều khiển ánh sáng
FMSV2022110018,R270,IRS.Replace Iris Assy,Thay thế bộ phận điều khiển ánh sáng
FMSV2022110065,R270,IRS.Replace Iris Assy,Thay thế bộ phận điều khiển ánh sáng
FMSV2022120054,R270,IRS.Replace Iris Assy,Thay thế bộ phận điều khiển ánh sáng
FMSV2022120057,R270,IRS.Replace Iris Assy,Thay thế bộ phận điều khiển ánh sáng
FMSV2023030017,R270,IRS.Replace Iris Assy,Thay thế bộ phận điều khiển ánh sáng
FMSV2023080022,R270,IRS.Replace Iris Assy,Thay thế bộ phận điều khiển ánh sáng
FMSV2023080081,R270,IRS.Replace Iris Assy,Thay thế bộ phận điều khiển ánh sáng
FMSV2023090025,R270,IRS.Replace Iris Assy,Thay thế bộ phận điều khiển ánh sáng
FMSV2023060058,R308,PCB.Replace MUX PCB,Bo mạch điều khiển
FMSV2022110036,R705,PCB.Replace POW PCB,Bo mạch điều khiển
FMSV2022110036,R705,PCB.Replace POW PCB,Bo mạch điều khiển
FMSV2022100023,R706,PCB.Replace LD PCB,Bo mạch điều khiển
FMSV2022110031,R707,PCB.Replace FPGA PCB,Bo mạch điều khiển
FMSV2023080013,R707,PCB.Replace FPGA PCB,Bo mạch điều khiển
FMSV2023080062,R707,PCB.Replace FPGA PCB,Bo mạch điều khiển
FMSV2023090020,R707,PCB.Replace FPGA PCB,Bo mạch điều khiển
FMSV2023040057,R219,PCB.Replace Power Supply PCB,Bo cấp nguồn
FMSV2022110012,R314,EUS.Repalace CB2 Assy,Bộ xử lý tín hiệu
FMSV2022120104,R234,SOF.Software Upgrade,Nâng cấp phần mềm
FMSV2023030040,R107,PCB.Adjustment,Cài đặt phần mềm
FMSV2023060018,R107,PCB.Adjustment,Cài đặt phần mềm
FMSV2022120091,R299,Replace DDC PCB,Bo nguồn cách ly
FMSV2022120101,R299,Replace DDC PCB,Bo nguồn cách ly
FMSV2023010021,R299,Replace DDC PCB,Bo nguồn cách ly
FMSV2022100043,R768,FSB. LG flexible section Coat Patching,Bộ phận ống dẫn của ống soi
FMSV2022120003,R768,FSB. LG flexible section Coat Patching,Bộ phận ống dẫn của ống soi
FMSV2022120023,R768,FSB. LG flexible section Coat Patching,Bộ phận ống dẫn của ống soi
FMSV2023020036,R768,FSB. LG flexible section Coat Patching,Bộ phận ống dẫn của ống soi
FMSV2023040039,R768,FSB. LG flexible section Coat Patching,Bộ phận ống dẫn của ống soi
FMSV2023080036,R768,FSB. LG flexible section Coat Patching,Bộ phận ống dẫn của ống soi
FMSV2022100027,R775,FSB. Replace FSB Assy,Vỏ ống luồn (FSB)
FMSV2022110033,R775,FSB. Replace FSB Assy,Vỏ ống luồn (FSB)
FMSV2023080042,R775,FSB. Replace FSB Assy,Vỏ ống luồn (FSB)
FMSV2022110018,R272,PCB.Replace PS Board,Bo mạch
FMSV2023060047,R708,PCB.Replace MCU PCB,Bo mạch
FMSV2022120046,R301,PUM.Replace Pipe,Bơm
FMSV2022120082,R782,CLN.Plasma cleaning,Vệ sinh
FMSV2023070078,R782,CLN.Plasma cleaning,Vệ sinh
FMSV2023020058,R767,WGA. Polishing Image lens (CHA),Vệ sinh đầu thu hình (CHA)
FMSV2023030061,R060,SUB.Replace Suction Button,Thay thế van hút
FMSV2023090050,R174,ISA.Change of postion coupling Ring - ISA Ring,Vòng Sắt
FMSV2023040065,R006,AWB.Replace O-Ring/One Way Valve,Vòng cao su
FMSV2023060058,R254,PCB.Replace Network PCB,Thay thế bo mạch giao tiếp
