rma,CUSTOMER_NAME,customer,location,model_d,sn,install_date,warranty_date,receive_date,inspection_date,start_time,end_time,repair_size,issue_part,ks,wr_report,change_stt,Approval,repair_status,e_score,w_score,update_time,return_date
FMSV2024010027,Hue Central Hospital,FMSV00034,HCM,EC-530WL3,KC643K009,2023-05-23 00:00:00,2024-05-23 00:00:00,2024-01-19 10:33:24,2024-01-23 12:10:06,2024-01-23 10:11:09,2024-01-25 08:02:45,Nhẹ,Other,Nguyễn Thái Nguyên,,Shipped,Approval,Đang giao hàng,7.0,0.0,2024-01-25 10:03:03.594000,2024-01-25 10:03:03.594000
FMSV2024010036,Hoan My Sai Gon Clinic,FMSV00005,HCM,EC-250WL5,1C309K073,2016-05-25 00:00:00,2017-05-25 00:00:00,2024-01-19 19:03:56,2024-01-22 17:25:22,2024-01-22 15:25:56,2024-01-23 10:11:53,Nhẹ,Other,Nguyễn Thái Nguyên,,Shipped,Approval,Đang giao hàng,7.0,0.0,2024-01-25 10:03:20.028000,2024-01-25 10:03:20.028000
FMSV2024010038,Vietnam – Cuba Donghoi Friendship Hospital,FMSV00127,Hanoi,EG-760R,KG402K677,2023-03-21 00:00:00,2024-03-21 00:00:00,2024-01-23 10:41:53,2024-01-25 10:26:52,2024-01-25 08:28:01,2024-01-25 16:11:58,Nhẹ,Other,Nguyễn Khắc Thắng,,Shipped,Approval,Đang giao hàng,7.0,0.0,2024-01-26 11:18:30.936000,2024-01-26 11:18:30.936000
FMSV2024010039,"FUJIFILM Vietnam Co., Ltd.",FMSV,Hanoi,EG-530WR,4G361K141,2019-07-04 00:00:00,2020-07-04 00:00:00,2024-01-23 10:45:40,2024-01-24 13:32:03,2024-01-24 11:32:29,2024-01-25 09:59:37,Nhẹ,Other,Nguyễn Khắc Thắng,,Shipped,Approval,Đang giao hàng,7.0,0.0,2024-01-26 11:25:37.584000,2024-01-26 11:25:37.584000
FMSV2023120023,"FUJIFILM Vietnam Co., Ltd.",FMSV,HCM,EC-760R-V/I,7C728K101,2022-06-01 00:00:00,2023-06-01 00:00:00,2023-12-15 15:38:01,2023-12-18 11:16:57,2023-12-18 09:17:29,2023-12-19 08:58:09,Nhẹ,Other,Lê Quang Thông,,QC,Approval,Đã sửa xong,7.0,0.0,2023-12-19 11:05:05.080000,
FMSV2023120049,Viet Duc Hospital,FMSV00066,Hanoi,EC-760R-V/I,8C728K201,2023-02-03 00:00:00,2024-02-03 00:00:00,2023-12-27 19:22:08,2024-01-02 15:43:13,2024-01-02 13:43:42,2024-01-02 16:52:16,Nhẹ,Other,Nguyễn Khắc Thắng,,QC,Approval,Đã sửa xong,7.0,0.0,2024-01-05 10:44:19.869000,
FMSV2023080038,"FUJIFILM Vietnam Co., Ltd.",FMSV,HCM,EG-600WR,1G391K524,2015-02-26 00:00:00,2016-02-26 00:00:00,2023-08-10 12:29:14,2023-08-11 11:15:13,2024-01-03 10:12:10,2024-01-08 13:36:04,Nặng,Other,Lê Quang Thông,PO115,QC,Approval,Đã sửa xong,7.0,0.5,2024-01-24 18:46:51.885000,
FMSV2024010041,Hai Phong International Hospital,FMSV00235,Hanoi,EG-250WR5,2G202K044,2018-04-18 00:00:00,2019-04-18 00:00:00,2024-01-23 11:16:22,2024-01-24 17:38:10,2024-01-24 15:38:37,2024-01-25 09:58:57,Nhẹ,Other,Nguyễn Khắc Thắng,,QC,Approval,Đã sửa xong,7.0,0.0,2024-01-26 11:26:38.234000,
FMSV2024010042,Hai Phong International Hospital,FMSV00235,Hanoi,EG-250WR5,2G202K043,2018-04-18 00:00:00,2019-04-18 00:00:00,2024-01-23 11:18:07,2024-01-24 17:40:12,2024-01-24 15:40:37,2024-01-25 09:59:17,Nhẹ,Other,Nguyễn Khắc Thắng,,QC,Approval,Đã sửa xong,7.0,0.0,2024-01-26 11:28:02.801000,
FMSV2024010040,"FUJIFILM Vietnam Co., Ltd.",FMSV,Hanoi,EPX-2500(230V),5V564D396,2014-02-19 00:00:00,2015-02-19 00:00:00,2024-01-23 11:14:29,2024-01-24 19:22:10,2024-01-24 17:22:40,2024-01-26 09:31:02,Khác,Other,Lê Văn Hoàn,,QC,Approval,Đã sửa xong,7.0,0.0,2024-01-26 11:35:08.145000,
FMSV2024010030,Hoang Long Clinic,FMSV00046,Hanoi,EG-760Z,1G403K158,2017-05-24 00:00:00,2018-05-24 00:00:00,2024-01-17 18:11:24,2024-01-18 18:01:46,2024-01-18 16:02:14,2024-01-26 09:36:26,Nhẹ,Other,Nguyễn Tuấn Minh,,QC,Approval,Đã sửa xong,7.0,0.0,2024-01-26 11:39:44.497000,
FMSV2024010010,"FUJIFILM Vietnam Co., Ltd.",FMSV,Hanoi,SU-1-H,3V658K014,2019-05-31 00:00:00,2020-05-31 00:00:00,2024-01-08 19:57:08,2024-01-12 10:41:32,2024-01-12 08:43:26,2024-01-26 09:37:16,Khác,Other,Nguyễn Tuấn Minh,,QC,Approval,Đã sửa xong,7.0,0.0,2024-01-26 11:40:14.879000,
FMSV2024010011,"FUJIFILM Vietnam Co., Ltd.",FMSV,Hanoi,EN-450T5,1C675D055,2014-02-19 00:00:00,2015-02-19 00:00:00,2024-01-08 19:57:56,2024-01-19 10:38:13,2024-01-19 08:42:23,2024-01-23 14:51:19,Nặng,Other,Nguyễn Khắc Thắng,,QC,Approval,Đã sửa xong,7.0,0.0,2024-01-26 12:42:36.989000,
FMSV2023080022,"FUJIFILM Vietnam Co., Ltd.",FMSV,Hanoi,XL-4450,1S094A282,2011-10-25 00:00:00,,2023-08-07 13:46:46,2023-08-16 17:10:55,,,Nhẹ,Other,Ngân,,Authorization,Approval,Chuẩn bị sửa,5.0,0.0,2023-12-08 20:40:21.539000,
FMSV2023080056,"FUJIFILM Vietnam Co., Ltd.",FMSV,HCM,EG-760R,2G402K022,2018-04-20 00:00:00,2019-04-20 00:00:00,2023-08-16 20:46:16,2023-08-21 13:31:11,,,Nặng,Other,Lê Quang Thông,PO116,Authorization,Approval,Chuẩn bị sửa,5.0,0.5,2023-12-22 09:59:14.881000,
FMSV2023080085,"FUJIFILM Vietnam Co., Ltd.",FMSV,Hanoi,EC-600WI,1C692K077,2015-02-26 00:00:00,2016-02-26 00:00:00,2023-08-22 12:43:14,2023-08-24 17:30:53,,,Nặng,Other,Ngân,,Authorization,Approval,Chuẩn bị sửa,5.0,0.0,2023-10-31 11:11:08.285000,
FMSV2023090066,"FUJIFILM Vietnam Co., Ltd.",FMSV,Hanoi,EG-760R,1G402K223,2017-11-27 00:00:00,2018-11-27 00:00:00,2023-09-28 16:42:15,2023-09-29 16:07:46,,,Nhẹ,Other,Ngân,PO115,Authorization,Approval,Chuẩn bị sửa,5.0,0.5,2023-12-27 16:51:51.827000,
FMSV2023100038,"FUJIFILM Vietnam Co., Ltd.",FMSV,Hanoi,EC-760R-V/I,1C728K139,2016-11-27 00:00:00,2017-11-27 00:00:00,2023-10-24 16:42:59,2023-10-27 17:40:18,2023-11-09 09:40:15,2023-11-09 09:40:13,Nhẹ,Other,Ngân,PO115,Authorization,Approval,Chuẩn bị sửa,5.0,0.5,2023-12-27 16:57:51.904000,
FMSV2023040070,"FUJIFILM Vietnam Co., Ltd.",FMSV,HCM,EG-590WR,2G348K408,2017-07-01 00:00:00,2018-07-01 00:00:00,2023-04-26 17:39:10,2023-05-18 15:07:53,,,Nặng,Other,Lê Quang Thông,PO115,Authorization,Approval,Chuẩn bị sửa,5.0,0.5,2024-01-08 17:03:33.447000,
FMSV2023100011,"FUJIFILM Vietnam Co., Ltd.",FMSV,Hanoi,EC-530WL3,3C643K019,2019-06-04 00:00:00,2020-06-04 00:00:00,2023-10-06 19:54:31,2023-10-10 18:46:57,,,Nặng,Other,Ngân,PO115,Authorization,Approval,Chuẩn bị sửa,5.0,0.5,2023-12-27 16:49:39.618000,
FMSV2023050045L,"FUJIFILM Vietnam Co., Ltd.",FMSV,HCM,EC-530WI,4C591A001,2013-07-04 00:00:00,2014-07-04 00:00:00,2023-06-13 15:36:36,2023-07-04 13:06:49,,,Nặng,Other,Lê Quang Thông,PO115,Authorization,Approval,Chuẩn bị sửa,5.0,0.5,2024-01-08 17:03:41.364000,
FMSV2023060068,"FUJIFILM Vietnam Co., Ltd.",FMSV,HCM,EG-530WR,5G361K065,2019-09-11 00:00:00,2020-09-11 00:00:00,2023-06-29 16:23:13,2023-06-30 11:30:49,,,Nặng,Other,Lê Quang Thông,PO115,Authorization,Approval,Chuẩn bị sửa,5.0,0.5,2024-01-08 17:03:26.511000,
FMSV2023090039,"FUJIFILM Vietnam Co., Ltd.",FMSV,HCM,EG-720R,1G412K182,2019-04-20 00:00:00,2020-04-20 00:00:00,2023-09-18 16:17:39,2023-09-21 11:02:09,,,Nặng,Other,Lê Quang Thông,PO115,Authorization,Approval,Chuẩn bị sửa,5.0,0.5,2024-01-08 17:05:28.241000,
FMSV2023090015,FTYO - Loaner Asset,FMSV00080,HCM,EG-600WR,2G391K487,,2018-05-24 00:00:00,2023-09-08 15:01:08,2023-10-04 17:07:00,,,Nặng,Other,Lê Quang Thông,PO115,Authorization,Approval,Chuẩn bị sửa,5.0,0.5,2024-01-08 17:06:54.852000,
FMSV2023090021,"FUJIFILM Vietnam Co., Ltd.",FMSV,Hanoi,EC-760R-V/I,1C728K140,2016-12-20 00:00:00,2017-12-20 00:00:00,2023-09-12 11:42:21,2023-09-14 16:58:37,,,Nặng,Other,Ngân,PO115,Authorization,Approval,Chuẩn bị sửa,5.0,0.5,2023-12-27 17:08:20.539000,
FMSV2023090059,Hung Viet Cancer Hospital,FMSV00261,HCM,EG-760Z,8G403K185,2022-11-11 00:00:00,2023-11-11 00:00:00,2023-09-26 11:58:25,2023-09-29 18:28:24,2023-12-15 08:47:19,,Nặng,Other,Lê Quang Thông,WTY-FFVN-2310047,Authorization,Approval,Chuẩn bị sửa,5.0,0.5,2023-12-18 19:12:52.796000,
FMSV2023090150,Vinmec Times City International Hospital,FMSV00315,Hanoi,EG-760Z,2G403K153,2019-09-15 00:00:00,2020-09-15 00:00:00,2023-09-28 17:03:55,2023-09-29 11:40:44,,,Nặng,Other,Trần Minh Đức,,QC,Cancel,Chờ xác nhận (quá 3 tháng),9.0,0.0,2023-11-15 16:24:31.809000,
FMSV2023110035,Hoan My Da Nang Hospital,FMSV00009,HCM,EG-530WR,JG361K638,2023-06-13 00:00:00,2024-06-13 00:00:00,2023-11-16 12:26:49,2023-11-17 12:42:44,2024-01-25 08:18:29,,Nặng,Other,Nguyễn Thái Nguyên,WTY-FFVN-2311052,Authorization,Approval,Chuẩn bị sửa,5.0,0.5,2024-01-25 10:18:31.322000,
FMSV2023050072,"FUJIFILM Vietnam Co., Ltd.",FMSV,HCM,EG-600WR,1G391K564,2015-07-08 00:00:00,2016-07-07 00:00:00,2023-05-29 18:47:44,2023-06-02 13:29:45,,,Nặng,Other,Lê Quang Thông,,Authorization,Approval,Chuẩn bị sửa,5.0,0.0,2023-11-27 13:25:21.866000,
FMSV2023070056,"FUJIFILM Vietnam Co., Ltd.",FMSV,HCM,EG-530WR,2G361K131,2019-06-01 00:00:00,2020-06-01 00:00:00,2023-07-21 10:58:51,2023-07-21 11:05:43,,,Nặng,Other,Lê Quang Thông,PO116,Authorization,Approval,Chuẩn bị sửa,5.0,0.5,2024-01-08 17:04:01.046000,
FMSV2023110006,Hoang Long Clinic,FMSV00046,HCM,EC-760R-V/I,1C728K173,2017-01-09 00:00:00,2018-01-09 00:00:00,2023-11-02 18:24:52,2023-11-06 12:05:26,,,Nhẹ,Other,Lê Quang Thông,,Authorization,Approval,Chuẩn bị sửa,5.0,0.0,2023-12-11 10:51:32.958000,
FMSV2023110029,Bach Mai Hospital,FMSV00038,HCM,EG-600WR,8G391K375,2021-08-06 00:00:00,2022-08-12 00:00:00,2023-11-15 13:31:43,2023-11-22 17:05:13,,,Nhẹ,Other,Lê Quang Thông,,Authorization,Approval,Chuẩn bị sửa,5.0,0.0,2023-12-11 10:51:46.202000,
FMSV2023110049,Hoang Long Clinic,FMSV00046,HCM,EG-600WR,1G391K939,2015-12-26 00:00:00,2016-12-26 00:00:00,2023-11-20 17:38:29,2023-11-22 13:16:28,,,Nhẹ,Other,Lê Quang Thông,,Authorization,Approval,Chuẩn bị sửa,5.0,0.0,2023-12-11 10:51:54.367000,
FMSV2023090062,Hoan My Da Nang Hospital,FMSV00009,HCM,EC-530WL3,KC643K008,2023-06-13 00:00:00,2024-06-13 00:00:00,2023-09-29 11:37:35,2023-10-04 15:23:21,,,Nặng,Other,Lê Quang Thông,PO116,Authorization,Approval,Chuẩn bị sửa,5.0,0.5,2024-01-12 11:42:55.101000,
FMSV2023090237,Hue University Of Medicine And Pharmacy - Ginec,FMSV00043,HCM,EG-530CT,4G375A101,2013-11-11 00:00:00,,2023-09-28 18:25:02,2023-09-29 13:42:55,2024-01-22 16:21:52,,Nặng,Other,Lê Quang Thông,PO116,Authorization,Approval,Chuẩn bị sửa,5.0,0.5,2024-01-22 18:21:55.139000,
FMSV2023030069,Thong Nhat Hospital,FMSV00007,HCM,EC-720R/I,1C741K218,2019-12-24 00:00:00,2020-12-24 00:00:00,2023-03-28 10:34:42,2023-12-18 16:17:57,,,Nặng,Other,Lê Quang Thông,PO116,Authorization,Approval,Chuẩn bị sửa,5.0,0.5,2024-01-08 17:03:47.369000,
FMSV2023100010,Hanoi Oncology Hospital,FMSV00426,HCM,EG-530WR,LG361K013,2023-03-13 00:00:00,2024-03-13 00:00:00,2023-10-06 18:04:55,2023-10-13 13:48:16,,,Nặng,Other,Lê Quang Thông,WTY-FFVN-2310050,Authorization,Approval,Chuẩn bị sửa,5.0,0.5,2023-12-18 19:01:32.518000,
FMSV2023120001,Nhat Tan General Hospital,FMSV00310,HCM,EC-530WL3,KC643K535,2023-11-15 00:00:00,2024-11-15 00:00:00,2023-12-04 16:56:18,2023-12-04 17:03:48,,,Nặng,Other,Lê Quang Thông,WTY-FFVN-2312060,Authorization,Approval,Chuẩn bị sửa,5.0,0.5,2024-01-08 17:06:38.415000,
FMSV2023120007,Thai Binh Hospital,FMSV00040,HCM,EC-530WL3,KC643K304,2023-03-21 00:00:00,2024-03-21 00:00:00,2023-12-05 16:06:18,2023-12-07 19:57:51,,,Nặng,Other,Lê Quang Thông,WTY-FFVN-2312061,Authorization,Approval,Chuẩn bị sửa,5.0,0.5,2023-12-18 16:30:42.336000,
FMSV2023120041,"FUJIFILM Vietnam Co., Ltd.",FMSV,Hanoi,EG-600WR,1G391K560,2015-07-08 00:00:00,2016-07-07 00:00:00,2023-12-22 12:32:23,2023-12-22 12:33:20,,,Nặng,Other,Nguyễn Khắc Thắng,PO116,Authorization,Approval,Chuẩn bị sửa,5.0,0.5,2023-12-22 12:34:44.662000,
FMSV2023120039,"FUJIFILM Vietnam Co., Ltd.",FMSV,HCM,EG-740N,2g399k001,2018-11-28 00:00:00,2019-11-28 00:00:00,2023-12-22 10:59:10,2023-12-22 12:55:34,,,Khác,Other,Lê Quang Thông,,QC,Inspection,Đã sửa xong,7.0,0.0,2024-01-08 17:02:49.208000,
FMSV2023120037,"FUJIFILM Vietnam Co., Ltd.",FMSV,HCM,EG-580UT,5U047K007,2019-06-05 00:00:00,2020-06-05 00:00:00,2023-12-22 10:32:44,2023-12-22 13:16:30,,,Khác,Other,Lê Quang Thông,,QC,Inspection,Đã sửa xong,7.0,0.0,2024-01-08 17:02:54.285000,
FMSV2023110031,Bach Mai Hospital,FMSV00038,HCM,EG-600WR,KG391K535,2023-08-02 00:00:00,2024-08-02 00:00:00,2023-11-15 13:33:09,2023-11-22 16:53:30,,,Nặng,Other,Lê Quang Thông,WTY-FFVN-2311055,Authorization,Approval,Chuẩn bị sửa,5.0,0.5,2024-01-08 17:03:15.862000,
FMSV2023120010,Binh Phuoc General Hospital,FMSV00312,HCM,EC-530WL3,3C643K039,2018-12-28 00:00:00,2019-12-28 00:00:00,2023-12-07 10:12:09,2023-12-12 12:15:28,,,Nặng,Other,Lê Quang Thông,PO117,Authorization,Approval,Chuẩn bị sửa,5.0,0.5,2024-01-08 18:34:59.757000,
FMSV2023090027,Nga Bay City General Hospital,FMSV00376,HCM,EG-580NW2,6G390K061,2021-01-15 00:00:00,2022-01-15 00:00:00,2023-09-15 11:20:07,2024-01-08 22:49:36,,,Nặng,Other,Lê Quang Thông,PO117,Authorization,Approval,Chuẩn bị sửa,5.0,0.5,2024-01-19 10:32:44.551000,
FMSV2023120005,Dai Duong Tien Hai General Clinic,FMSV00398,Hanoi,EG-530WR,9G361K616,2021-10-14 00:00:00,2023-04-14 00:00:00,2023-12-05 13:19:51,2023-12-05 13:27:57,,,Nặng,Other,Trần Minh Đức,PO116,Authorization,Approval,Chuẩn bị sửa,5.0,0.5,2023-12-27 13:50:35.067000,
FMSV2023120043,Family Hospital Da Nang,FMSV00448,HCM,EC-530WL3,JC643K002,2023-03-01 00:00:00,2024-09-01 00:00:00,2023-12-25 16:28:35,2023-12-25 16:35:09,,,Nhẹ,Other,Lê Quang Thông,,Authorization,Approval,Chuẩn bị sửa,5.0,0.0,2024-01-08 23:30:11.310000,
FMSV2024010008,Bach Mai Hospital,FMSV00038,HCM,EG-600WR,KG391K503,2023-09-25 00:00:00,2024-09-25 00:00:00,2024-01-04 17:31:00,2024-01-04 17:34:27,,,Nặng,Other,Lê Quang Thông,WTY-FFVN-2401001,Authorization,Approval,Chuẩn bị sửa,5.0,0.5,2024-01-08 23:12:01.870000,
FMSV2024010012,Sai Gon-Nam Dinh General Hospital,FMSV00227,Hanoi,EG-530WR,LG361K425,2023-06-28 00:00:00,2024-06-28 00:00:00,2024-01-09 11:47:55,2024-01-09 12:23:51,,,Nặng,Other,Nguyễn Khắc Thắng,WTY-FFVN-2401002,Authorization,Approval,Chuẩn bị sửa,5.0,0.5,2024-01-10 14:36:12.454000,
FMSV2024010005,DR Trung Clinic,FMSV00432,HCM,EC-530WI3,1C642K364,2018-06-12 00:00:00,,2024-01-03 13:36:02,2024-01-08 17:29:55,,,Nặng,Other,Lê Quang Thông,,Authorization,Approval,Chuẩn bị sửa,5.0,0.0,2024-01-19 11:02:50.724000,
FMSV2024010019,Bach Mai Hospital,FMSV00038,Hanoi,EG-600WR,KG391K662,2023-11-02 00:00:00,2024-11-02 00:00:00,2024-01-09 20:23:17,2024-01-17 14:00:43,,,Nhẹ,Other,Nguyễn Khắc Thắng,WTY-FFVN-2401004,Authorization,Approval,Chuẩn bị sửa,5.0,0.5,2024-01-24 15:37:44.610000,
FMSV2023110072,Hanoi Medical University Hospital,FMSV00079,Hanoi,EG-600WR,KG391K797,2023-10-30 00:00:00,2024-10-30 00:00:00,2023-11-30 12:22:37,2023-11-30 12:36:55,,,Nặng,Other,Nguyễn Khắc Thắng,WTY-FFVN-2311057,QC,Transfer,Đã sửa xong,7.0,0.5,2024-01-22 20:44:31.958000,
FMSV2023120024,Hanoi Medical University Hospital,FMSV00079,Hanoi,EG-600WR,KG391K800,2023-10-30 00:00:00,2024-10-30 00:00:00,2023-12-15 16:50:05,2023-12-15 16:58:57,,,Nặng,Other,Nguyễn Khắc Thắng,WTY-FFVN-2312062,QC,Transfer,Đã sửa xong,7.0,0.5,2024-01-22 20:46:12.657000,
FMSV2023110071,Hanoi Medical University Hospital,FMSV00079,Hanoi,EG-600WR,KG391K801,2023-10-30 00:00:00,2024-10-30 00:00:00,2023-11-30 11:53:32,2023-11-30 11:58:38,,,Nặng,Other,Nguyễn Khắc Thắng,WTY-FFVN-2311056,QC,Transfer,Đã sửa xong,7.0,0.5,2024-01-22 20:44:13.600000,
FMSV2024010028,Hanoi Medical University Hospital,FMSV00079,HCM,EG-600WR,KG391K796,2023-10-30 00:00:00,2024-10-30 00:00:00,2024-01-17 16:41:28,2024-01-18 18:35:13,,,Nặng,Other,Lê Quang Thông,WTY-FFVN-2401005,QC,Transfer,Đã sửa xong,7.0,0.5,2024-01-24 11:00:31.156000,
FMSV2023120015,"FUJIFILM Vietnam Co., Ltd.",FMSV,Hanoi,XL-4450,1S094A418,2011-12-23 00:00:00,2012-12-22 00:00:00,2023-12-08 20:32:52,2023-12-18 13:51:24,,,Khác,Other,Nguyễn Khắc Thắng,,Authorization,Approval,Chuẩn bị sửa,5.0,0.0,2024-01-26 13:45:51.968000,
FMSV2023120017,FTYO - Loaner Asset,FMSV00080,Hanoi,EC-590ZW3/M,1C610D007,2013-10-04 00:00:00,,2023-12-12 18:58:48,2023-12-18 10:35:15,,,Nặng,Other,Nguyễn Khắc Thắng,,Authorization,Approval,Chuẩn bị sửa,5.0,0.0,2024-01-26 13:45:26.433000,
FMSV2023120028,"FUJIFILM Vietnam Co., Ltd.",FMSV,Hanoi,EG-760Z,1G403K314,2018-04-20 00:00:00,2019-04-20 00:00:00,2023-12-19 12:54:23,2023-12-19 16:32:52,,,Nặng,Other,Nguyễn Khắc Thắng,,Authorization,Approval,Chuẩn bị sửa,5.0,0.0,2024-01-26 13:46:48.968000,
FMSV2023120029,"FUJIFILM Vietnam Co., Ltd.",FMSV,Hanoi,EC-530WI3,1C642K363,2017-03-01 00:00:00,,2023-12-19 18:48:56,2023-12-19 18:57:43,,,Nặng,Other,Nguyễn Khắc Thắng,,Authorization,Approval,Chuẩn bị sửa,5.0,0.0,2024-01-26 13:47:40.483000,
FMSV2023120020,"FUJIFILM Vietnam Co., Ltd.",FMSV,Hanoi,EG-580NW2,1G390K230,2019-05-27 00:00:00,2020-05-27 00:00:00,2023-12-14 11:00:37,2023-12-22 18:19:47,,,Nặng,Other,Nguyễn Khắc Thắng,,Authorization,Approval,Chuẩn bị sửa,5.0,0.0,2024-01-26 13:48:20.945000,
FMSV2023110059,"FUJIFILM Vietnam Co., Ltd.",FMSV,Hanoi,EC-600WL,1C692K147,2014-10-12 00:00:00,2015-10-11 00:00:00,2023-11-23 10:42:34,2023-11-23 10:45:22,,,Nặng,Other,Nguyễn Khắc Thắng,,Authorization,Approval,Chuẩn bị sửa,5.0,0.0,2024-01-26 13:49:09.813000,
FMSV2023120042,HCAP asset,FMSV00293,Hanoi,EC-600WL,1C692K065,2014-06-11 00:00:00,2015-06-11 00:00:00,2023-12-22 15:56:14,2024-01-09 12:56:49,,,Nặng,Other,Nguyễn Khắc Thắng,,Authorization,Approval,Chuẩn bị sửa,5.0,0.0,2024-01-26 13:49:44.375000,
FMSV2024010043,"FUJIFILM Vietnam Co., Ltd.",FMSV,Hanoi,EC-530WI,1C603K041,2019-03-20 00:00:00,2020-03-20 00:00:00,2024-01-23 16:59:33,2024-01-26 16:25:17,2024-01-26 14:25:49,,Nhẹ,Other,Nguyễn Tuấn Minh,,Authorization,Approval,Chuẩn bị sửa,5.0,0.0,2024-01-26 16:25:51.955000,
FMSV2024010045,"FUJIFILM Vietnam Co., Ltd.",FMSV,Hanoi,EC-600WI,1C692K249,2015-12-26 00:00:00,2016-12-26 00:00:00,2024-01-25 11:18:38,2024-01-26 17:38:49,2024-01-26 15:39:21,,Nhẹ,Other,Lê Văn Hoàn,,Authorization,Approval,Chuẩn bị sửa,5.0,0.0,2024-01-26 17:39:38.047000,
FMSV2023110009,Hoang Long Clinic,FMSV00046,Hanoi,VP-4450HD,1V567K251,2016-02-24 00:00:00,2017-02-24 00:00:00,2023-11-06 11:28:57,2023-11-06 11:37:26,,,Khác,Other,Nguyễn Khắc Thắng,,QC,Decline,Chờ xác nhận (quá 3 tháng),9.0,0.0,2024-01-26 23:57:36.069000,
FMSV2023110045,Hoang Long Clinic,FMSV00046,Hanoi,EG-600WR,1G391K374,2014-10-12 00:00:00,,2023-11-20 17:33:42,2023-11-22 13:16:58,,,Nặng,Other,Nguyễn Khắc Thắng,,QC,Decline,Chờ xác nhận (quá 3 tháng),9.0,0.0,2024-01-26 23:59:27.131000,
FMSV2024010006,"FUJIFILM Vietnam Co., Ltd.",FMSV,HCM,EG-580UR,1U048K087,2016-03-14 00:00:00,2017-03-14 00:00:00,2024-01-04 10:13:50,2024-01-04 10:14:48,2024-01-29 08:15:14,,Nhẹ,Other,Nguyễn Thái Nguyên,,Authorization,Approval,Chuẩn bị sửa,5.0,0.0,2024-01-29 10:15:17.277000,
FMSV2023080014,Bach Mai Hospital,FMSV00038,HCM,EG-600WR,7G391K123,2021-02-23 00:00:00,2022-03-01 00:00:00,2023-08-07 13:42:11,2023-08-10 12:27:48,,,Nặng,Other,Lê Quang Thông,,Parts Selection,,Chờ xác nhận,4.0,0.0,2023-10-07 22:21:35.205000,
FMSV2023080015,Bach Mai Hospital,FMSV00038,HCM,EG-600WR,8G391K425,2021-11-20 00:00:00,2022-11-20 00:00:00,2023-08-07 13:42:41,2023-08-10 13:39:48,,,Nặng,Other,Lê Quang Thông,,Parts Selection,,Chờ xác nhận,4.0,0.0,2023-10-07 22:32:05.419000,
FMSV2023080016,Bach Mai Hospital,FMSV00038,HCM,EC-600WI,6C692K127,2021-08-06 00:00:00,2022-08-12 00:00:00,2023-08-07 13:43:24,2023-08-10 17:28:06,,,Nặng,Other,Lê Quang Thông,,Parts Selection,,Chờ xác nhận,4.0,0.0,2023-10-07 22:32:31.103000,
FMSV2023080018,Bach Mai Hospital,FMSV00038,HCM,EC-600WI,5C692K087,2021-02-23 00:00:00,2022-03-01 00:00:00,2023-08-07 13:44:34,2023-08-11 14:03:55,,,Nặng,Other,Lê Quang Thông,,Parts Selection,,Chờ xác nhận,4.0,0.0,2023-10-07 22:34:41.559000,
FMSV2023080020,Bach Mai Hospital,FMSV00038,HCM,EC-590WI,1C607K008,2015-03-27 00:00:00,2016-03-27 00:00:00,2023-08-07 13:45:46,2023-08-14 17:29:27,,,Nặng,Other,Lê Quang Thông,,Parts Selection,,Chờ xác nhận,4.0,0.0,2023-10-07 22:37:25.155000,
FMSV2023080024,Bach Mai Hospital,FMSV00038,HCM,EC-600WI,3C692K101,2020-12-24 00:00:00,2021-12-24 00:00:00,2023-08-07 15:53:26,2023-08-16 13:37:18,,,Nặng,Other,Lê Quang Thông,,Parts Selection,,Chờ xác nhận,4.0,0.0,2023-10-07 22:37:39.881000,
FMSV2023080062,Lao Khoa Hospital,FMSV00113,HCM,EG-530WR,1G361K957,2016-04-28 00:00:00,2017-04-28 00:00:00,2023-08-21 10:29:17,2023-08-28 17:17:04,,,Nặng,Other,Lê Quang Thông,,Parts Selection,,Chờ xác nhận,4.0,0.0,2023-10-07 22:39:04.877000,
FMSV2023080069,Hanoi Medical University Hospital,FMSV00079,HCM,CDL1909A(230V),1V620K266,2017-01-18 00:00:00,2018-01-18 00:00:00,2023-08-21 11:06:02,2023-08-28 19:50:50,,,Khác,Other,Lê Quang Thông,,Parts Selection,,Chờ xác nhận,4.0,0.0,2023-10-07 22:39:45.130000,
FMSV2023080074,Bach Mai Hospital,FMSV00038,HCM,EG-600WR,8G391K432,2021-11-20 00:00:00,2022-11-20 00:00:00,2023-08-21 17:19:22,2023-08-23 18:06:31,,,Nặng,Other,Lê Quang Thông,,Parts Selection,,Chờ xác nhận,4.0,0.0,2023-10-07 22:39:59.051000,
FMSV2023080075,Bach Mai Hospital,FMSV00038,HCM,EG-600WR,7G391K344,2021-02-23 00:00:00,2022-03-01 00:00:00,2023-08-21 17:20:44,2023-08-23 13:51:01,,,Nặng,Other,Lê Quang Thông,,Parts Selection,,Chờ xác nhận,4.0,0.0,2023-10-07 22:40:11.958000,
FMSV2023080076,Bach Mai Hospital,FMSV00038,HCM,EC-530WI,3C591A036,2013-08-06 00:00:00,2014-08-06 00:00:00,2023-08-21 17:21:35,2023-08-23 18:41:37,,,Nặng,Other,Lê Quang Thông,,Parts Selection,,Chờ xác nhận,4.0,0.0,2023-10-07 22:40:27.109000,
FMSV2023080078,Bach Mai Hospital,FMSV00038,HCM,EC-530WL3,1C643K192,2015-10-05 00:00:00,2016-10-05 00:00:00,2023-08-21 17:23:22,2023-08-30 16:33:58,,,Nặng,Other,Lê Quang Thông,,Parts Selection,,Chờ xác nhận,4.0,0.0,2023-10-07 22:40:40.244000,
FMSV2023080079,Bach Mai Hospital,FMSV00038,HCM,EC-720R/I,3C741K101,2021-03-05 00:00:00,2022-03-05 00:00:00,2023-08-21 17:24:23,2023-08-24 16:51:33,,,Nặng,Other,Lê Quang Thông,,Parts Selection,,Chờ xác nhận,4.0,0.0,2023-10-07 22:40:53.286000,
FMSV2023080091,Hoang Long Clinic,FMSV00046,HCM,EC-760ZP-V/M,1C730K121,2017-05-24 00:00:00,2018-05-24 00:00:00,2023-08-24 19:19:36,2023-08-28 19:14:51,,,Nặng,Other,Lê Quang Thông,,Parts Selection,,Chờ xác nhận,4.0,0.0,2023-10-07 22:41:31.918000,
FMSV2023080097,Bach Mai Hospital,FMSV00038,HCM,ED-530XT,SD102A089,2013-12-12 00:00:00,2014-12-12 00:00:00,2023-08-30 12:33:38,2023-08-30 17:28:19,,,Nặng,Other,Lê Quang Thông,,Parts Selection,,Chờ xác nhận,4.0,0.0,2023-10-07 22:41:45.094000,
FMSV2023080100,Bai Chay Hospital,FMSV00100,HCM,EG-600WR,2G391K293,2016-07-11 00:00:00,2018-01-13 00:00:00,2023-08-30 19:25:47,2023-08-31 19:07:31,,,Nặng,Other,Lê Quang Thông,,Parts Selection,,Chờ xác nhận,4.0,0.0,2023-10-07 22:41:58.611000,
FMSV2023080101,Lam Hoa Private Hospital,FMSV00073,Hanoi,EG-250WR5,1G202K490,2017-05-20 00:00:00,2018-05-20 00:00:00,2023-08-30 19:26:30,2023-09-06 13:24:29,,,Nặng,Other,Trần Minh Đức,,Parts Selection,,Chờ xác nhận,4.0,0.0,2023-11-15 18:31:32.555000,
FMSV2023080102,Lam Hoa Private Hospital,FMSV00073,Hanoi,EG-250WR5,2G202K006,2018-03-10 00:00:00,2019-03-10 00:00:00,2023-08-30 19:39:59,2023-09-06 16:28:56,,,Nặng,Other,Trần Minh Đức,,Parts Selection,,Chờ xác nhận,4.0,0.0,2023-11-15 18:32:45.672000,
FMSV2023090004,103 Military Hospital,FMSV00058,HCM,EC-600WI,3C692K105,2019-02-21 00:00:00,2020-02-21 00:00:00,2023-09-05 17:30:07,2023-09-07 12:52:40,,,Nặng,Other,Lê Quang Thông,,Parts Selection,,Chờ xác nhận,4.0,0.0,2023-10-07 22:43:08.366000,
FMSV2023090005,103 Military Hospital,FMSV00058,HCM,EG-600WR,5G391K105,2019-02-21 00:00:00,2020-02-21 00:00:00,2023-09-05 17:31:22,2023-09-07 13:04:54,,,Nặng,Other,Lê Quang Thông,,Parts Selection,,Chờ xác nhận,4.0,0.0,2023-10-07 22:43:18.040000,
FMSV2023090007,Hoang Long Clinic,FMSV00046,HCM,EG-760R,1G402K290,2017-01-09 00:00:00,2018-01-09 00:00:00,2023-09-05 18:02:55,2023-09-11 12:45:17,,,Nặng,Other,Lê Quang Thông,,Parts Selection,,Chờ xác nhận,4.0,0.0,2023-10-07 22:43:39.737000,
FMSV2023090012,Bach Mai Hospital,FMSV00038,HCM,EG-600WR,8G391K377,2021-08-06 00:00:00,2022-08-12 00:00:00,2023-09-08 13:57:42,2023-09-11 18:04:33,,,Nặng,Other,Lê Quang Thông,,Parts Selection,,Chờ xác nhận,4.0,0.0,2023-10-07 22:43:54.877000,
FMSV2023090013,Bach Mai Hospital,FMSV00038,HCM,EC-600WI,6C692K137,2021-11-20 00:00:00,2022-11-20 00:00:00,2023-09-08 13:58:24,2023-09-12 11:52:33,,,Nặng,Other,Lê Quang Thông,,Parts Selection,,Chờ xác nhận,4.0,0.0,2023-10-07 22:44:09.031000,
FMSV2023090025,Hanoi Medical University Hospital,FMSV00079,HCM,XL-4450,3S094K699,2019-01-01 00:00:00,2020-01-01 00:00:00,2023-09-14 19:50:46,2023-09-15 18:26:33,,,Khác,Other,Lê Quang Thông,,Parts Selection,,Chờ xác nhận,4.0,0.0,2023-10-07 22:44:50.588000,
FMSV2023090041,Hue University Of Medicine And Pharmacy - Ginec,FMSV00043,HCM,EC-530WI3,2C642D165,2013-11-11 00:00:00,2018-11-10 00:00:00,2023-09-19 16:47:49,2023-09-20 16:55:20,,,Nặng,Other,Lê Quang Thông,,Parts Selection,,Chờ xác nhận,4.0,0.0,2024-01-08 17:06:06.724000,
FMSV2023090049,Bach Mai Hospital,FMSV00038,HCM,EG-600WR,8G391K369,2021-08-06 00:00:00,2022-08-12 00:00:00,2023-09-21 15:32:46,2023-09-21 17:38:58,,,Nặng,Other,Lê Quang Thông,,Parts Selection,,Chờ xác nhận,4.0,0.0,2023-10-07 22:46:52.939000,
FMSV2023090063,Thong Nhat Hospital,FMSV00007,HCM,EG-720R,1G412K346,2019-12-24 00:00:00,2020-12-24 00:00:00,2023-09-28 12:27:25,2023-09-28 12:48:28,,,Nặng,Other,Lê Quang Thông,,Parts Selection,,Chờ xác nhận,4.0,0.0,2024-01-08 17:03:52.629000,
FMSV2023090070,Vietnam – Cuba Donghoi Friendship Hospital,FMSV00127,HCM,EG-760R,6G402K258,2020-03-01 00:00:00,2021-03-01 00:00:00,2023-09-28 16:11:05,2023-09-29 10:16:59,,,Nặng,Other,Lê Quang Thông,,Parts Selection,,Chờ xác nhận,4.0,0.0,2023-10-07 22:48:12.758000,
FMSV2023090077,Bai Chay Hospital,FMSV00100,HCM,EC-600WI,1C692K270,2015-11-19 00:00:00,2016-11-19 00:00:00,2023-09-28 16:12:09,2023-09-29 10:23:12,,,Nặng,Other,Lê Quang Thông,,Parts Selection,,Chờ xác nhận,4.0,0.0,2023-10-07 22:49:22.807000,
FMSV2023090079,Bai Chay Hospital,FMSV00100,HCM,EG-600WR,2G391K484,2016-11-22 00:00:00,2018-01-13 00:00:00,2023-09-28 16:12:30,2023-09-29 10:24:46,,,Nặng,Other,Lê Quang Thông,,Parts Selection,,Chờ xác nhận,4.0,0.0,2023-10-07 22:49:58.350000,
FMSV2023090084,Bai Chay Hospital,FMSV00100,HCM,VP-4450HD,2V567K846,2017-04-18 00:00:00,2018-04-18 00:00:00,2023-09-28 16:13:18,2023-09-29 10:28:20,,,Khác,Other,Lê Quang Thông,,Parts Selection,,Chờ xác nhận,4.0,0.0,2023-10-07 22:50:56.151000,
FMSV2023090091,Bach Mai Hospital,FMSV00038,HCM,ED-580XT,3D127K338,2021-02-23 00:00:00,2022-03-01 00:00:00,2023-09-28 16:14:20,2023-09-29 10:41:14,,,Nặng,Other,Lê Quang Thông,FMSV2023070013,Parts Selection,,Chờ xác nhận,4.0,0.5,2023-12-04 10:23:59.538000,
FMSV2023090093,Nghe An Friendship General Hospital,FMSV00129,HCM,EG-530WR,5G361k424,2019-03-19 00:00:00,2020-03-19 00:00:00,2023-09-28 16:14:38,2023-09-29 10:42:55,,,Nặng,Other,Lê Quang Thông,,Parts Selection,,Chờ xác nhận,4.0,0.0,2023-12-12 18:12:52.701000,
FMSV2023090095,Nghe An Friendship General Hospital,FMSV00129,HCM,EG-530WR,8G361K200,2020-08-04 00:00:00,2021-08-04 00:00:00,2023-09-28 16:14:55,2023-09-29 10:44:38,,,Nặng,Other,Lê Quang Thông,,Parts Selection,,Chờ xác nhận,4.0,0.0,2023-12-12 18:14:56.451000,
FMSV2023090096,Nghe An Friendship General Hospital,FMSV00129,HCM,EG-530WR,5G361K426,2019-03-19 00:00:00,2020-03-19 00:00:00,2023-09-28 16:15:04,2023-09-29 10:45:24,,,Nặng,Other,Lê Quang Thông,,Parts Selection,,Chờ xác nhận,4.0,0.0,2023-12-12 18:18:52.218000,
FMSV2023090097,Nghe An Friendship General Hospital,FMSV00129,HCM,EC-530WL3,5C643K365,2020-09-05 00:00:00,2021-09-05 00:00:00,2023-09-28 16:15:13,2023-09-29 10:46:08,,,Nặng,Other,Lê Quang Thông,,Parts Selection,,Chờ xác nhận,4.0,0.0,2023-12-12 18:19:13.709000,
FMSV2023090098,Nghe An Friendship General Hospital,FMSV00129,Hanoi,EC-530WL3,3C643K193,2019-03-19 00:00:00,2020-03-19 00:00:00,2023-09-28 16:15:21,2023-09-29 10:46:55,,,Nặng,Other,Trần Minh Đức,,Parts Selection,,Chờ xác nhận,4.0,0.0,2023-11-15 18:41:40.836000,
FMSV2023090099,Nghe An Friendship General Hospital,FMSV00129,HCM,EB-530T,1B084K474,2017-02-22 00:00:00,2018-02-22 00:00:00,2023-09-28 16:15:30,2023-09-29 10:47:36,,,Nặng,Other,Lê Quang Thông,,Parts Selection,,Chờ xác nhận,4.0,0.0,2023-12-12 18:19:43.637000,
FMSV2023090100,Nghe An Friendship General Hospital,FMSV00129,HCM,EB-530T,5B084K008,2020-09-05 00:00:00,2021-09-05 00:00:00,2023-09-28 16:55:12,2023-09-29 10:48:27,,,Nặng,Other,Lê Quang Thông,,Parts Selection,,Chờ xác nhận,4.0,0.0,2023-12-12 18:19:55.694000,
FMSV2023090102,Tuyen Quang General Hospital,FMSV00063,Hanoi,EG-530WR,9G361K615,2022-03-31 00:00:00,2023-03-31 00:00:00,2023-09-28 16:55:29,2023-09-29 10:49:47,,,Nặng,Other,Trần Minh Đức,,Parts Selection,,Chờ xác nhận,4.0,0.0,2023-11-15 18:35:43.406000,
FMSV2023090105,DA NANG HOSPITAL,ANP00009,HCM,EG-530FP,1G374K023,2016-11-02 00:00:00,2017-11-01 00:00:00,2023-09-28 16:55:55,2023-09-29 10:52:31,,,Nặng,Other,Lê Quang Thông,,Parts Selection,,Chờ xác nhận,4.0,0.0,2024-01-08 17:05:39.258000,
FMSV2023090106,DA NANG HOSPITAL,ANP00009,HCM,EC-530WI3,1C642K104,2016-11-02 00:00:00,2017-11-01 00:00:00,2023-09-28 16:56:05,2023-09-29 10:53:20,,,Nặng,Other,Lê Quang Thông,,Parts Selection,,Chờ xác nhận,4.0,0.0,2024-01-08 17:05:33.475000,
FMSV2023090107,Bach Mai Hospital,FMSV00038,HCM,EG-600WR,8G391K044,2020-12-24 00:00:00,2021-12-24 00:00:00,2023-09-28 16:56:13,2023-09-29 10:54:04,,,Nặng,Other,Lê Quang Thông,FMSV2023070069,Parts Selection,,Chờ xác nhận,4.0,0.5,2023-12-04 10:24:06.895000,
FMSV2023090108,Bach Mai Hospital,FMSV00038,HCM,EC-600WI,6C692K126,2021-08-06 00:00:00,2022-08-12 00:00:00,2023-09-28 16:56:23,2023-09-29 10:54:55,,,Nặng,Other,Lê Quang Thông,FMSV2023070070,Parts Selection,,Chờ xác nhận,4.0,0.5,2023-12-04 10:24:14.042000,
FMSV2023090109,Bach Mai Hospital,FMSV00038,HCM,EG-600WR,2G391K858,2018-01-10 00:00:00,2019-01-10 00:00:00,2023-09-28 16:56:33,2023-09-29 10:55:53,,,Nặng,Other,Lê Quang Thông,FMSV2023070072,Parts Selection,,Chờ xác nhận,4.0,0.5,2023-12-04 10:24:21.398000,
FMSV2023090110,Tuyen Quang General Hospital,FMSV00063,Hanoi,EC-530WL3,1C643K926,2016-11-26 00:00:00,2017-11-27 00:00:00,2023-09-28 17:28:43,2023-09-29 10:56:51,,,Nặng,Other,Trần Minh Đức,,Parts Selection,,Chờ xác nhận,4.0,0.0,2023-11-15 18:35:57.298000,
FMSV2023090111,Tuyen Quang General Hospital,FMSV00063,Hanoi,EG-201FP,RG229A399,,2018-02-19 00:00:00,2023-09-28 16:56:48,2023-09-29 10:58:03,,,Nặng,Other,Trần Minh Đức,,Parts Selection,,Chờ xác nhận,4.0,0.0,2023-11-15 18:36:11.593000,
FMSV2023090112,Bach Mai Hospital,FMSV00038,HCM,EC-600WI,6C692K128,2021-08-06 00:00:00,2022-08-12 00:00:00,2023-09-28 16:56:57,2023-09-29 10:58:50,,,Nặng,Other,Lê Quang Thông,FMSV2023080017,Parts Selection,,Chờ xác nhận,4.0,0.5,2023-12-04 10:24:28.865000,
FMSV2023090113,DA NANG HOSPITAL,FMSV00041,HCM,EB-530T,3B084A197,2013-07-29 00:00:00,2014-07-29 00:00:00,2023-09-28 16:57:05,2023-09-29 10:59:49,,,Nặng,Other,Lê Quang Thông,,Parts Selection,,Chờ xác nhận,4.0,0.0,2024-01-08 17:04:22.716000,
FMSV2023090118,Bach Mai Hospital,FMSV00038,HCM,EG-600WR,8G391K423,2021-11-20 00:00:00,2022-11-20 00:00:00,2023-09-28 16:57:51,2023-09-29 11:03:43,,,Nặng,Other,Lê Quang Thông,FMSV2023040049,Parts Selection,,Chờ xác nhận,4.0,0.5,2023-12-04 10:24:36.454000,
FMSV2023090119,Quang Ninh Obstetrics And Pediatrics Hospital,FMSV00305,HCM,ER-530S2,3Y196K006,2018-10-20 00:00:00,2019-10-20 00:00:00,2023-09-28 16:58:00,2023-09-29 11:04:38,,,Nặng,Other,Lê Quang Thông,,Parts Selection,,Chờ xác nhận,4.0,0.0,2023-10-07 22:59:11.680000,
FMSV2023090120,Bach Mai Hospital,FMSV00038,HCM,EG-600WR,8G391K374,2021-08-06 00:00:00,2022-08-12 00:00:00,2023-09-28 16:58:10,2023-09-29 11:05:18,,,Nặng,Other,Lê Quang Thông,FMSV2023040090,Parts Selection,,Chờ xác nhận,4.0,0.5,2023-12-04 10:24:43.675000,
FMSV2023090121,Bach Mai Hospital,FMSV00038,HCM,EG-600WR,8G391K428,2021-11-20 00:00:00,2022-11-20 00:00:00,2023-09-28 16:58:19,2023-09-29 11:06:11,,,Nặng,Other,Lê Quang Thông,FMSV2023040091,Parts Selection,,Chờ xác nhận,4.0,0.5,2023-12-04 10:24:50.921000,
FMSV2023090123,Bach Mai Hospital,FMSV00038,HCM,EC-590WL4,1C666K565,2019-08-25 00:00:00,2020-08-25 00:00:00,2023-09-28 16:58:39,2023-09-29 11:08:10,,,Nặng,Other,Lê Quang Thông,FMSV2023050021,Parts Selection,,Chờ xác nhận,4.0,0.5,2023-12-04 10:24:58.479000,
FMSV2023090124,Lam Hoa Private Hospital,FMSV00073,Hanoi,EG-250WR5,3G202K117,2020-03-25 00:00:00,2021-03-25 00:00:00,2023-09-28 16:58:48,2023-09-29 11:09:05,,,Nặng,Other,Trần Minh Đức,,Parts Selection,,Chờ xác nhận,4.0,0.0,2023-11-15 18:33:19.087000,
FMSV2023090128,Bach Mai Hospital,FMSV00038,HCM,EG-600WR,8G391K430,2021-11-20 00:00:00,2022-11-20 00:00:00,2023-09-28 16:59:25,2023-09-29 11:12:02,,,Nặng,Other,Lê Quang Thông,FMSV2023050076,Parts Selection,,Chờ xác nhận,4.0,0.5,2023-12-04 10:25:06.116000,
FMSV2023090129,Bach Mai Hospital,FMSV00038,HCM,EG-600WR,8G391K041,2020-12-24 00:00:00,2021-12-24 00:00:00,2023-09-28 16:59:35,2023-09-29 11:12:55,,,Nặng,Other,Lê Quang Thông,FMSV2023060011,Parts Selection,,Chờ xác nhận,4.0,0.5,2023-12-04 10:25:13.247000,
FMSV2023090130,Bach Mai Hospital,FMSV00038,HCM,EG-600WR,8G391K429,2021-11-20 00:00:00,2022-11-20 00:00:00,2023-09-28 16:59:44,2023-09-29 11:13:42,,,Nặng,Other,Lê Quang Thông,FMSV2023060038,Parts Selection,,Chờ xác nhận,4.0,0.5,2023-12-04 10:25:20.500000,
FMSV2023090131,Bach Mai Hospital,FMSV00038,HCM,EG-600WR,8G391K431,2021-11-20 00:00:00,2022-11-20 00:00:00,2023-09-28 16:59:53,2023-09-29 11:14:29,,,Nặng,Other,Lê Quang Thông,FMSV2023060040,Parts Selection,,Chờ xác nhận,4.0,0.5,2023-12-04 10:25:28.021000,
FMSV2023090132,Nghe An Friendship General Hospital,FMSV00129,HCM,EG-530WR,2G361K829,2017-02-22 00:00:00,2018-02-22 00:00:00,2023-09-28 17:00:03,2023-09-29 11:15:33,,,Nặng,Other,Lê Quang Thông,,Parts Selection,,Chờ xác nhận,4.0,0.0,2023-12-12 18:20:05.437000,
FMSV2023090133,Nghe An Friendship General Hospital,FMSV00129,HCM,EG-530WR,8G361K199,2020-09-05 00:00:00,2021-09-05 00:00:00,2023-09-28 17:00:12,2023-09-29 11:16:30,,,Nặng,Other,Lê Quang Thông,,Parts Selection,,Chờ xác nhận,4.0,0.0,2023-12-12 18:20:25.780000,
FMSV2023090134,Nghe An Friendship General Hospital,FMSV00129,HCM,EG-530WR,2G361K831,2017-02-22 00:00:00,2018-02-22 00:00:00,2023-09-28 17:00:21,2023-09-29 11:17:16,,,Nặng,Other,Lê Quang Thông,,Parts Selection,,Chờ xác nhận,4.0,0.0,2023-12-12 18:20:34.694000,
FMSV2023090137,Tuyen Quang General Hospital,FMSV00063,Hanoi,EB-530S,6B083K189,2022-01-31 00:00:00,2023-01-31 00:00:00,2023-09-28 17:00:50,2023-09-29 11:19:51,,,Nặng,Other,Trần Minh Đức,,Parts Selection,,Chờ xác nhận,4.0,0.0,2023-11-15 18:36:29.854000,
FMSV2023090138,Uong Bi Hospital,ANP00013,HCM,EC-530WI3,1C642K107,2015-11-16 00:00:00,2016-11-25 00:00:00,2023-09-28 17:01:00,2023-09-29 11:20:39,,,Nặng,Other,Lê Quang Thông,,Parts Selection,,Chờ xác nhận,4.0,0.0,2023-10-07 23:05:50.961000,
FMSV2023090139,Vietnam – Cuba Donghoi Friendship Hospital,FMSV00127,HCM,EC-760R-V/I,5C728K054,2020-03-01 00:00:00,2021-03-01 00:00:00,2023-09-28 17:01:10,2023-09-29 11:21:50,,,Nặng,Other,Lê Quang Thông,,Parts Selection,,Chờ xác nhận,4.0,0.0,2023-10-07 23:06:10.844000,
FMSV2023090141,Bach Mai Hospital,FMSV00038,HCM,ED-580XT,3D127K339,2021-02-23 00:00:00,2022-03-01 00:00:00,2023-09-28 17:01:27,2023-09-29 11:32:41,,,Nặng,Other,Lê Quang Thông,FMSV2023050075,Parts Selection,,Chờ xác nhận,4.0,0.5,2023-12-04 10:25:35.315000,
FMSV2023090145,Tuyen Quang General Hospital,FMSV00063,Hanoi,EG-600WR,1G391K698,2015-08-28 00:00:00,2016-08-27 00:00:00,2023-09-28 17:02:09,2023-09-29 11:36:40,,,Nặng,Other,Trần Minh Đức,,Parts Selection,,Chờ xác nhận,4.0,0.0,2023-11-15 18:36:46.184000,
FMSV2023090146,Tuyen Quang General Hospital,FMSV00063,Hanoi,EC-530WM,3C593A008,2014-09-25 00:00:00,,2023-09-28 17:02:33,2023-09-29 11:37:31,,,Nặng,Other,Trần Minh Đức,,Parts Selection,,Chờ xác nhận,4.0,0.0,2023-11-15 18:37:02.814000,
FMSV2023090147,Tuyen Quang General Hospital,FMSV00063,Hanoi,EC-201WI,RC328A025,,2018-02-19 00:00:00,2023-09-28 17:02:53,2023-09-29 11:38:19,,,Nặng,Other,Trần Minh Đức,,Parts Selection,,Chờ xác nhận,4.0,0.0,2023-11-15 18:37:16.260000,
FMSV2023090153,K3 Hanoi National Cancer Hospital,FMSV00184,Hanoi,EG-760R,1G402K680,2017-11-24 00:00:00,2018-11-24 00:00:00,2023-09-28 17:05:04,2023-09-29 11:59:13,,,Nặng,Other,Trần Minh Đức,,Parts Selection,,Chờ xác nhận,4.0,0.0,2023-11-15 17:48:02.484000,
FMSV2023090154,K3 Hanoi National Cancer Hospital,FMSV00184,Hanoi,EC-760R-V/I,2C728K080,2018-10-30 00:00:00,2019-10-30 00:00:00,2023-09-28 17:05:26,2023-09-29 12:00:09,,,Nặng,Other,Trần Minh Đức,,Parts Selection,,Chờ xác nhận,4.0,0.0,2023-11-15 17:48:35.551000,
FMSV2023090155,K3 Hanoi National Cancer Hospital,FMSV00184,Hanoi,EC-760R-V/I,1C728K447,2017-11-24 00:00:00,2018-11-24 00:00:00,2023-09-28 17:05:48,2023-09-29 12:01:18,,,Nặng,Other,Trần Minh Đức,,Parts Selection,,Chờ xác nhận,4.0,0.0,2023-11-15 17:48:55.472000,
FMSV2023090156,K3 Hanoi National Cancer Hospital,FMSV00184,Hanoi,EG-760R,1G402K679,2017-11-24 00:00:00,2018-11-24 00:00:00,2023-09-28 17:06:07,2023-09-29 12:02:13,,,Nặng,Other,Trần Minh Đức,,Parts Selection,,Chờ xác nhận,4.0,0.0,2023-11-15 17:49:17.705000,
FMSV2023090159,Hoang Long Clinic,FMSV00046,HCM,EC-760R-V/I,1C728K176,2017-01-09 00:00:00,2018-01-09 00:00:00,2023-09-28 17:07:04,2023-09-29 12:04:56,,,Nặng,Other,Lê Quang Thông,,Parts Selection,,Chờ xác nhận,4.0,0.0,2023-10-07 23:09:52.945000,
FMSV2023090164,Bach Mai Hospital,FMSV00038,HCM,EG-600WR,8G391K381,2021-08-06 00:00:00,2022-08-12 00:00:00,2023-09-28 17:08:44,2023-09-29 12:25:57,,,Nhẹ,Other,Lê Quang Thông,FMSV2023030058,Parts Selection,,Chờ xác nhận,4.0,0.5,2023-12-04 10:25:42.728000,
FMSV2023090165,Bach Mai Hospital,FMSV00038,HCM,EG-600WR,8G391K427,2021-11-20 00:00:00,2022-11-20 00:00:00,2023-09-28 17:09:02,2023-09-29 12:26:43,,,Nặng,Other,Lê Quang Thông,FMSV2023030003,Parts Selection,,Chờ xác nhận,4.0,0.5,2023-12-04 10:25:50.412000,
FMSV2023090166,Bach Mai Hospital,FMSV00038,HCM,EG-720R,3G412K081,2021-03-05 00:00:00,2022-03-05 00:00:00,2023-09-28 17:09:21,2023-09-29 12:27:41,,,Nặng,Other,Lê Quang Thông,FMSV2023020036,Parts Selection,,Chờ xác nhận,4.0,0.5,2023-12-04 10:25:57.547000,
FMSV2023090170,Bach Mai Hospital,FMSV00038,HCM,EG-600WR,8G391K437,2021-11-20 00:00:00,2022-11-20 00:00:00,2023-09-28 17:10:33,2023-09-29 12:31:59,,,Nặng,Other,Lê Quang Thông,FMSV2023020056,Parts Selection,,Chờ xác nhận,4.0,0.5,2023-12-04 10:26:05.763000,
FMSV2023090171,Bach Mai Hospital,FMSV00038,HCM,EC-600WI,6C692K130,2021-08-06 00:00:00,2022-08-12 00:00:00,2023-09-28 17:10:51,2023-09-29 12:33:07,,,Nặng,Other,Lê Quang Thông,FMSV2023020058,Parts Selection,,Chờ xác nhận,4.0,0.5,2023-12-04 10:26:13.346000,
FMSV2023090172,Bach Mai Hospital,FMSV00038,HCM,EC-600WI,6C692K033,2021-02-23 00:00:00,2022-03-01 00:00:00,2023-09-28 17:11:10,2023-09-29 12:34:10,,,Nặng,Other,Lê Quang Thông,FMSV2023020005,Parts Selection,,Chờ xác nhận,4.0,0.5,2023-12-04 10:26:20.831000,
FMSV2023090173,Lam Hoa Private Hospital,FMSV00073,Hanoi,EG-250WR5,1G202K360,,2018-11-15 00:00:00,2023-09-28 17:11:29,2023-09-29 12:35:20,,,Nặng,Other,Trần Minh Đức,,Parts Selection,,Chờ xác nhận,4.0,0.0,2023-11-15 18:33:41.951000,
FMSV2023090176,Bach Mai Hospital,FMSV00038,HCM,EG-580NW2,6G390K093,2021-02-23 00:00:00,2022-03-01 00:00:00,2023-09-28 17:12:42,2023-09-29 12:37:47,,,Nặng,Other,Lê Quang Thông,FMSV2023030054,Parts Selection,,Chờ xác nhận,4.0,0.5,2023-12-04 10:26:28.001000,
FMSV2023090179,Bach Mai Hospital,FMSV00038,HCM,EG-600WR,8G391K373,2021-08-06 00:00:00,2022-08-12 00:00:00,2023-09-28 17:13:54,2023-09-29 12:41:14,,,Nặng,Other,Lê Quang Thông,FMSV2023020060,Parts Selection,,Chờ xác nhận,4.0,0.5,2023-12-04 10:26:35.119000,
FMSV2023090180,Hoang Long Clinic,FMSV00046,HCM,VP-4450HD,2V567K672,2016-01-06 00:00:00,2017-01-06 00:00:00,2023-09-28 17:14:13,2023-09-29 12:47:02,,,Khác,Other,Lê Quang Thông,,Parts Selection,,Chờ xác nhận,4.0,0.0,2023-10-07 23:15:15.546000,
FMSV2023090181,Bach Mai Hospital,FMSV00038,HCM,EG-590WR,1G348K458,2015-03-27 00:00:00,2016-03-27 00:00:00,2023-09-28 17:14:33,2023-09-29 12:48:10,,,Nặng,Other,Lê Quang Thông,FMSV2023010009,Parts Selection,,Chờ xác nhận,4.0,0.5,2023-12-04 10:26:42.455000,
FMSV2023090182,Bach Mai Hospital,FMSV00038,HCM,EG-600WR,7G391K127,2021-02-23 00:00:00,2022-03-01 00:00:00,2023-09-28 17:14:56,2023-09-29 12:49:26,,,Nặng,Other,Lê Quang Thông,FMSV2023010008,Parts Selection,,Chờ xác nhận,4.0,0.5,2023-12-04 10:26:49.945000,
FMSV2023090183,Bach Mai Hospital,FMSV00038,HCM,EG-600WR,8G391K372,2021-08-06 00:00:00,2022-08-12 00:00:00,2023-09-28 17:15:17,2023-09-29 12:50:39,,,Nặng,Other,Lê Quang Thông,FMSV2023010007,Parts Selection,,Chờ xác nhận,4.0,0.5,2023-12-04 10:26:57.779000,
FMSV2023090184,Bach Mai Hospital,FMSV00038,HCM,EG-600WR,8G391K380,2021-08-06 00:00:00,2022-08-12 00:00:00,2023-09-28 17:15:38,2023-09-29 12:51:56,,,Nặng,Other,Lê Quang Thông,FMSV2023010006,Parts Selection,,Chờ xác nhận,4.0,0.5,2023-12-04 10:27:03.090000,
FMSV2023090185,Bach Mai Hospital,FMSV00038,HCM,EC-590WL4,1C666K566,2019-08-25 00:00:00,2020-08-25 00:00:00,2023-09-28 17:16:00,2023-09-29 12:53:20,,,Nặng,Other,Lê Quang Thông,FMSV2022120026,Parts Selection,,Chờ xác nhận,4.0,0.5,2023-12-04 10:27:08.260000,
FMSV2023090186,Bach Mai Hospital,FMSV00038,HCM,EC-600WI,5C692K088,2021-02-23 00:00:00,2022-03-01 00:00:00,2023-09-28 17:16:21,2023-09-29 12:54:32,,,Nặng,Other,Lê Quang Thông,FMSV2022120011,Parts Selection,,Chờ xác nhận,4.0,0.5,2023-12-04 10:27:13.368000,
FMSV2023090189,Bach Mai Hospital,FMSV00038,HCM,EC-600WI,1C692K269,2015-10-05 00:00:00,,2023-09-28 17:17:31,2023-09-29 12:58:09,,,Nặng,Other,Lê Quang Thông,FMSV2022120017,Parts Selection,,Chờ xác nhận,4.0,0.5,2023-12-04 10:27:18.552000,
FMSV2023090190,Bach Mai Hospital,FMSV00038,HCM,EC-600WI,1C692K861,2018-01-10 00:00:00,2019-01-10 00:00:00,2023-09-28 17:17:54,2023-09-29 12:59:33,,,Nặng,Other,Lê Quang Thông,FMSV2022120019,Parts Selection,,Chờ xác nhận,4.0,0.5,2023-12-04 10:27:23.764000,
FMSV2023090191,Bach Mai Hospital,FMSV00038,HCM,EG-580NW2,5G390K014,2021-02-23 00:00:00,2022-03-01 00:00:00,2023-09-28 17:18:18,2023-09-29 13:09:44,,,Nặng,Other,Lê Quang Thông,FMSV2022120018,Parts Selection,,Chờ xác nhận,4.0,0.5,2023-12-04 10:27:28.935000,
FMSV2023090192,Bach Mai Hospital,FMSV00038,HCM,EG-600WR,7G391K126,2021-02-23 00:00:00,2022-03-01 00:00:00,2023-09-28 17:18:36,2023-09-29 13:10:33,,,Nặng,Other,Lê Quang Thông,FMSV2022120012,Parts Selection,,Chờ xác nhận,4.0,0.5,2023-12-04 10:27:34.350000,
FMSV2023090193,Bach Mai Hospital,FMSV00038,HCM,EG-600WR,7G391K124,2021-02-23 00:00:00,2022-03-01 00:00:00,2023-09-28 17:18:54,2023-09-29 13:11:23,,,Nặng,Other,Lê Quang Thông,FMSV2022120008,Parts Selection,,Chờ xác nhận,4.0,0.5,2023-12-04 10:27:39.882000,
FMSV2023090194,Bach Mai Hospital,FMSV00038,HCM,EG-530WR,1G361K609,2015-10-05 00:00:00,2016-10-05 00:00:00,2023-09-28 17:19:12,2023-09-29 13:12:34,,,Nặng,Other,Lê Quang Thông,FMSV2022120031,Parts Selection,,Chờ xác nhận,4.0,0.5,2023-12-04 10:27:44.963000,
FMSV2023090195,Bach Mai Hospital,FMSV00038,HCM,EC-590WL4,1C666K568,2019-08-25 00:00:00,2020-08-25 00:00:00,2023-09-28 17:19:29,2023-09-29 13:13:36,,,Nặng,Other,Lê Quang Thông,FMSV2022120023,Parts Selection,,Chờ xác nhận,4.0,0.5,2023-12-04 10:27:50.288000,
FMSV2023090197,Bach Mai Hospital,FMSV00038,HCM,EG-600WR,1G391K323,2014-10-11 00:00:00,2015-10-10 00:00:00,2023-09-28 17:20:05,2023-09-29 13:15:46,,,Nặng,Other,Lê Quang Thông,FMSV2022120022,Parts Selection,,Chờ xác nhận,4.0,0.5,2023-12-04 10:27:55.381000,
FMSV2023090198,Bach Mai Hospital,FMSV00038,HCM,EG-590WR,1G348K456,2015-03-27 00:00:00,2016-03-27 00:00:00,2023-09-28 17:20:23,2023-10-01 22:22:44,,,Nặng,Other,Lê Quang Thông,FMSV2022120032,Parts Selection,,Chờ xác nhận,4.0,0.5,2023-12-04 10:28:00.599000,
FMSV2023090199,Bach Mai Hospital,FMSV00038,HCM,EG-590WR,1G348K457,2015-03-27 00:00:00,2016-03-27 00:00:00,2023-09-28 17:28:31,2023-09-29 13:21:38,,,Nặng,Other,Lê Quang Thông,FMSV2022120033,Parts Selection,,Chờ xác nhận,4.0,0.5,2023-12-04 10:28:06.090000,
FMSV2023090208,Thu Duc District Hospital,FMSV00042,HCM,EB-530T,3B084A193,2013-05-14 00:00:00,2014-05-14 00:00:00,2023-09-28 17:36:06,2023-09-29 15:26:29,,,Nặng,Other,Lê Quang Thông,,Parts Selection,,Chờ xác nhận,4.0,0.0,2024-01-08 17:04:35.864000,
FMSV2023090209,Viet Duc Hospital,FMSV00066,HCM,EG-760R,1G402K687,2017-12-11 00:00:00,2018-12-11 00:00:00,2023-09-28 17:36:16,2023-09-29 15:27:16,,,Nặng,Other,Lê Quang Thông,,Parts Selection,,Chờ xác nhận,4.0,0.0,2023-10-07 23:25:02.790000,
FMSV2023090210,Hue University Of Medicine And Pharmacy - Ginec,FMSV00043,HCM,EG-530WR,4G361A487,2013-11-11 00:00:00,,2023-09-28 17:36:27,2023-09-29 15:28:08,,,Nặng,Other,Lê Quang Thông,,Parts Selection,,Chờ xác nhận,4.0,0.0,2024-01-08 17:05:50.906000,
FMSV2023090211,Hue University Of Medicine And Pharmacy - Ginec,FMSV00043,HCM,EC-530MP-H,4C656A006,2013-11-11 00:00:00,,2023-09-28 17:36:37,2023-09-29 15:28:56,,,Nặng,Other,Lê Quang Thông,,Parts Selection,,Chờ xác nhận,4.0,0.0,2024-01-08 17:05:56.116000,
FMSV2023090212,Bai Chay Hospital,FMSV00100,HCM,EC-600WI,1C692K696,2017-04-18 00:00:00,2019-04-18 00:00:00,2023-09-28 17:36:47,2023-09-29 15:29:37,,,Nặng,Other,Lê Quang Thông,,Parts Selection,,Chờ xác nhận,4.0,0.0,2023-10-07 23:25:55.837000,
FMSV2023090215,E Hospital,FMSV00076,HCM,XL-4450,3S094D177,2016-11-04 00:00:00,2017-11-04 00:00:00,2023-09-28 17:37:16,2023-09-29 15:31:55,,,Khác,Other,Lê Quang Thông,,Parts Selection,,Chờ xác nhận,4.0,0.0,2023-10-07 23:26:46.312000,
FMSV2023090216,HCM City Pediatric Hospital,FMSV00302,HCM,EB-530S,1B083K382,2018-07-24 00:00:00,2019-07-23 00:00:00,2023-09-28 17:37:26,2023-09-29 15:32:26,,,Nặng,Other,Lê Quang Thông,,Parts Selection,,Chờ xác nhận,4.0,0.0,2024-01-08 17:04:30.532000,
FMSV2023090217,Vinh Phuc General Hospital,FMSV00137,HCM,EPX-2500(230V),2V564K066,2016-10-07 00:00:00,2017-10-07 00:00:00,2023-09-28 17:37:36,2023-09-29 15:33:00,,,Nặng,Other,Lê Quang Thông,,Parts Selection,,Chờ xác nhận,4.0,0.0,2023-10-07 23:27:16.335000,
FMSV2023090218,Tuyen Quang General Hospital,FMSV00063,Hanoi,EB-530T,1B084K617,2018-01-29 00:00:00,2019-01-29 00:00:00,2023-09-28 17:37:46,2023-09-29 15:33:35,,,Nặng,Other,Trần Minh Đức,,Parts Selection,,Chờ xác nhận,4.0,0.0,2023-11-15 18:37:29.108000,
FMSV2023090219,Hoang Long Clinic,FMSV00046,HCM,EG-760Z,1G403K145,2017-02-08 00:00:00,2018-02-08 00:00:00,2023-09-28 17:37:56,2023-09-29 15:34:17,,,Nặng,Other,Lê Quang Thông,,Parts Selection,,Chờ xác nhận,4.0,0.0,2024-01-08 17:05:07.572000,
FMSV2023090220,Bach Mai Hospital - Nagoya Project,FMSV00317,HCM,EC-600WL,1C692K140,2014-10-11 00:00:00,2019-10-11 00:00:00,2023-09-28 17:38:06,2023-09-29 15:35:24,,,Nặng,Other,Lê Quang Thông,FMSV2020110015,Parts Selection,,Chờ xác nhận,4.0,0.5,2023-12-04 10:28:11.323000,
FMSV2023090222,Bach Mai Hospital,FMSV00038,HCM,EG-600WR V2,2G391K411,2016-10-21 00:00:00,2017-10-21 00:00:00,2023-09-28 18:17:23,2023-09-29 13:37:44,,,Nặng,Other,Lê Quang Thông,FMSV2022120028,Parts Selection,,Chờ xác nhận,4.0,0.5,2023-12-04 10:28:17.045000,
FMSV2023090223,Bach Mai Hospital,FMSV00038,HCM,EC-600WI,1C692K645,2016-10-21 00:00:00,2017-10-21 00:00:00,2023-09-30 08:32:58,2023-09-30 08:39:16,,,Nặng,Other,Lê Quang Thông,FMSV2022120027,Parts Selection,,Chờ xác nhận,4.0,0.5,2023-12-04 10:28:22.535000,
FMSV2023090224,Hue University Of Medicine And Pharmacy - Ginec,FMSV00043,HCM,EG-530NW,2G366D118,2013-11-11 00:00:00,,2023-09-28 18:18:43,2023-09-29 13:38:11,,,Nặng,Other,Lê Quang Thông,,Parts Selection,,Chờ xác nhận,4.0,0.0,2024-01-08 17:06:17.388000,
FMSV2023090225,Bach Mai Hospital,FMSV00038,HCM,EG-600WR V2,2G391K372,2016-10-21 00:00:00,2017-10-21 00:00:00,2023-09-30 08:33:07,2023-09-30 08:40:19,,,Nặng,Other,Lê Quang Thông,FMSV2022120035,Parts Selection,,Chờ xác nhận,4.0,0.5,2023-12-04 10:28:27.872000,
FMSV2023090226,Bach Mai Hospital,FMSV00038,HCM,VP-7000,5V644K138,2020-12-24 00:00:00,2021-12-24 00:00:00,2023-09-30 08:35:40,2023-09-30 08:41:07,,,Khác,Other,Lê Quang Thông,FMSV2022120051,Parts Selection,,Chờ xác nhận,4.0,0.5,2023-12-04 10:28:32.958000,
FMSV2023090227,Bach Mai Hospital,FMSV00038,HCM,VP-4450HD,3V567D038,2013-08-06 00:00:00,2014-08-06 00:00:00,2023-09-30 08:33:31,2023-09-30 08:41:34,,,Khác,Other,Lê Quang Thông,FMSV2022120052,Parts Selection,,Chờ xác nhận,4.0,0.5,2023-12-04 10:28:38.604000,
FMSV2023090228,Bach Mai Hospital,FMSV00038,HCM,XL-4450,3S094D038,2013-08-06 00:00:00,2014-08-06 00:00:00,2023-09-30 08:33:39,2023-09-30 08:42:00,,,Khác,Other,Lê Quang Thông,FMSV2022120054,Parts Selection,,Chờ xác nhận,4.0,0.5,2023-12-04 10:28:43.978000,
FMSV2023090229,Bach Mai Hospital,FMSV00038,HCM,EC-600WI,1C692K870,2018-01-10 00:00:00,2019-01-10 00:00:00,2023-09-30 08:33:49,2023-09-30 08:42:32,,,Nặng,Other,Lê Quang Thông,FMSV2022120048,Parts Selection,,Chờ xác nhận,4.0,0.5,2023-12-04 10:28:49.260000,
FMSV2023090230,Bach Mai Hospital,FMSV00038,HCM,EN-450T5,RC361A105,2013-08-06 00:00:00,2014-08-06 00:00:00,2023-09-30 08:33:57,2023-09-30 08:43:34,,,Nặng,Other,Lê Quang Thông,FMSV2022120047,Parts Selection,,Chờ xác nhận,4.0,0.5,2023-12-04 10:28:54.349000,
FMSV2023090231,Bach Mai Hospital,FMSV00038,HCM,EG-590WR,2G348K618,2019-08-25 00:00:00,2020-08-25 00:00:00,2023-09-30 08:34:05,2023-09-30 08:44:27,,,Nặng,Other,Lê Quang Thông,FMSV2022120050,Parts Selection,,Chờ xác nhận,4.0,0.5,2023-12-04 10:28:59.385000,
FMSV2023090232,Bach Mai Hospital,FMSV00038,HCM,EG-530WR,4G361A316,2013-08-06 00:00:00,2014-08-06 00:00:00,2023-09-30 08:34:13,2023-09-30 08:45:45,,,Nặng,Other,Lê Quang Thông,FMSV2022120053,Parts Selection,,Chờ xác nhận,4.0,0.5,2023-12-04 10:29:04.794000,
FMSV2023090233,Bach Mai Hospital,FMSV00038,HCM,EG-590WR,1G348K318,2014-12-05 00:00:00,,2023-09-28 18:24:02,2023-09-29 13:39:38,,,Nặng,Other,Lê Quang Thông,FMSV2022120036,Parts Selection,,Chờ xác nhận,4.0,0.5,2023-12-04 10:29:09.857000,
FMSV2023090234,Bach Mai Hospital,FMSV00038,HCM,EC-600WI,1C692K598,2016-10-21 00:00:00,2017-10-21 00:00:00,2023-09-28 18:24:32,2023-09-29 13:40:25,,,Nặng,Other,Lê Quang Thông,FMSV2022120042,Parts Selection,,Chờ xác nhận,4.0,0.5,2023-12-04 10:29:14.959000,
FMSV2023090235,Bach Mai Hospital,FMSV00038,HCM,EG-590WR,1G348K513,2015-10-20 00:00:00,2016-10-19 00:00:00,2023-09-28 18:24:42,2023-09-29 13:41:15,,,Nặng,Other,Lê Quang Thông,FMSV2022120055,Parts Selection,,Chờ xác nhận,4.0,0.5,2023-12-04 10:29:20.007000,
FMSV2023090236,Bach Mai Hospital,FMSV00038,HCM,EG-590WR,2G348K611,2019-08-25 00:00:00,2020-08-25 00:00:00,2023-09-28 18:24:52,2023-09-29 13:42:07,,,Nặng,Other,Lê Quang Thông,FMSV2022120063,Parts Selection,,Chờ xác nhận,4.0,0.5,2023-12-04 10:29:25.227000,
FMSV2023090238,Bach Mai Hospital,FMSV00038,HCM,EG-590WR,1G348K514,2015-10-20 00:00:00,2016-10-19 00:00:00,2023-09-28 18:25:13,2023-09-29 13:43:39,,,Nặng,Other,Lê Quang Thông,FMSV2022120062,Parts Selection,,Chờ xác nhận,4.0,0.5,2023-12-04 10:29:30.508000,
FMSV2023090239,Hue University Of Medicine And Pharmacy,ANP00014,HCM,EG-590WR,5G348A056,2013-08-19 00:00:00,2014-08-19 00:00:00,2023-09-28 18:25:23,2023-09-29 13:44:21,,,Nặng,Other,Lê Quang Thông,,Parts Selection,,Chờ xác nhận,4.0,0.0,2024-01-08 17:06:01.466000,
FMSV2023090240,Bach Mai Hospital,FMSV00038,HCM,EG-590WR,1G348K547,2015-10-20 00:00:00,2016-10-19 00:00:00,2023-09-28 18:25:35,2023-09-29 13:45:18,,,Nặng,Other,Lê Quang Thông,FMSV2022120061,Parts Selection,,Chờ xác nhận,4.0,0.5,2023-12-04 10:29:35.713000,
FMSV2023090241,Bach Mai Hospital,FMSV00038,HCM,EG-600WR V2,2G391K315,2016-10-21 00:00:00,2017-10-21 00:00:00,2023-09-28 18:25:45,2023-09-29 13:46:06,,,Nặng,Other,Lê Quang Thông,FMSV2022120006,Parts Selection,,Chờ xác nhận,4.0,0.5,2023-12-04 10:29:40.946000,
FMSV2023090242,Bach Mai Hospital,FMSV00038,HCM,EG-590WR,5G348A636,2014-12-05 00:00:00,2015-12-05 00:00:00,2023-09-28 18:25:55,2023-09-29 13:56:24,,,Nặng,Other,Lê Quang Thông,FMSV2022120065,Parts Selection,,Chờ xác nhận,4.0,0.5,2023-12-04 10:29:46.075000,
FMSV2023090247,Bach Mai Hospital,FMSV00038,HCM,EC-600WI,1C692K144,2015-10-05 00:00:00,,2023-09-28 18:26:47,2023-09-29 13:59:54,,,Nặng,Other,Lê Quang Thông,FMSV2022120100,Parts Selection,,Chờ xác nhận,4.0,0.5,2023-12-04 10:29:51.378000,
FMSV2023090248,Bach Mai Hospital,FMSV00038,HCM,EG-600WR,7G391K154,2021-02-23 00:00:00,2022-03-01 00:00:00,2023-09-28 18:26:58,2023-09-29 14:00:45,,,Nặng,Other,Lê Quang Thông,FMSV2022120106,Parts Selection,,Chờ xác nhận,4.0,0.5,2023-12-04 10:29:56.496000,
FMSV2023090249,Bach Mai Hospital,FMSV00038,HCM,XL-4450,3S094D030,2013-08-06 00:00:00,2014-08-06 00:00:00,2023-09-28 18:27:08,2023-09-29 14:01:32,,,Khác,Other,Lê Quang Thông,FMSV2022110018,Parts Selection,,Chờ xác nhận,4.0,0.5,2023-12-04 10:30:01.619000,
FMSV2023090250,Bach Mai Hospital,FMSV00038,HCM,VP-4450HD,3V567D030,2013-08-06 00:00:00,2014-08-06 00:00:00,2023-09-28 18:27:18,2023-09-29 14:02:04,,,Khác,Other,Lê Quang Thông,FMSV2022110019,Parts Selection,,Chờ xác nhận,4.0,0.5,2023-12-04 10:30:06.744000,
FMSV2023090254,Bach Mai Hospital,FMSV00038,HCM,EG-600WR,8G391K371,2021-08-06 00:00:00,2022-08-12 00:00:00,2023-09-28 18:28:01,2023-09-29 14:36:10,,,Nặng,Other,Lê Quang Thông,FMSV2022110033,Parts Selection,,Chờ xác nhận,4.0,0.5,2023-12-04 10:30:11.762000,
FMSV2023090255,Uong Bi Hospital,ANP00013,HCM,EG-530FP,1G374K034,2015-11-16 00:00:00,2016-11-25 00:00:00,2023-09-28 18:28:11,2023-09-29 14:38:36,,,Nặng,Other,Lê Quang Thông,,Parts Selection,,Chờ xác nhận,4.0,0.0,2023-10-07 23:37:55.199000,
FMSV2023090256,Uong Bi Hospital,ANP00013,HCM,EC-530WI3,1C642K108,2015-11-16 00:00:00,2016-11-25 00:00:00,2023-09-28 18:28:21,2023-09-29 14:39:27,,,Nặng,Other,Lê Quang Thông,,Parts Selection,,Chờ xác nhận,4.0,0.0,2023-10-07 23:38:10.682000,
FMSV2023090257,Vietnam-Sweden Uong Bi Hospital,FMSV00044,HCM,EC-530WI3,2C642K041,2018-04-05 00:00:00,2019-04-05 00:00:00,2023-09-28 18:28:31,2023-09-29 14:40:31,,,Nặng,Other,Lê Quang Thông,,Parts Selection,,Chờ xác nhận,4.0,0.0,2023-10-07 23:38:25.686000,
FMSV2023090258,Bach Mai Hospital,FMSV00038,HCM,EC-600WI,6C692K200,2021-11-20 00:00:00,2022-11-20 00:00:00,2023-09-28 18:28:42,2023-09-29 14:41:14,,,Nặng,Other,Lê Quang Thông,FMSV2022110061,Parts Selection,,Chờ xác nhận,4.0,0.5,2023-12-04 10:30:16.926000,
FMSV2023090259,Bach Mai Hospital,FMSV00038,HCM,EG-600WR V2,2G391K410,2016-10-21 00:00:00,2017-10-21 00:00:00,2023-09-28 18:28:53,2023-09-29 14:42:10,,,Nặng,Other,Lê Quang Thông,FMSV2022120003,Parts Selection,,Chờ xác nhận,4.0,0.5,2023-12-04 10:30:22.822000,
FMSV2023090260,Bach Mai Hospital,FMSV00038,HCM,EG-600WR,2G391K861,2018-01-10 00:00:00,2019-01-10 00:00:00,2023-09-28 18:29:03,2023-09-29 14:43:11,,,Nặng,Other,Lê Quang Thông,FMSV2022120002,Parts Selection,,Chờ xác nhận,4.0,0.5,2023-12-04 10:30:27.796000,
FMSV2023090261,Bach Mai Hospital,FMSV00038,HCM,EG-600WR,2G391K825,2018-01-10 00:00:00,2019-01-10 00:00:00,2023-09-28 18:29:13,2023-09-29 14:43:57,,,Nặng,Other,Lê Quang Thông,FMSV2022110069,Parts Selection,,Chờ xác nhận,4.0,0.5,2023-12-04 10:30:32.743000,
FMSV2023090262,Bach Mai Hospital,FMSV00038,HCM,EG-600WR,7G391K097,2021-02-23 00:00:00,2022-03-01 00:00:00,2023-09-28 18:29:23,2023-09-29 14:44:42,,,Nặng,Other,Lê Quang Thông,FMSV2022110068,Parts Selection,,Chờ xác nhận,4.0,0.5,2023-12-04 10:30:38.024000,
FMSV2023090265,Hue University Of Medicine And Pharmacy - Ginec,FMSV00043,HCM,EG-530UR2,RU039A058,2013-11-11 00:00:00,,2023-09-28 18:29:54,2023-09-29 14:47:08,,,Nặng,Other,Lê Quang Thông,,Parts Selection,,Chờ xác nhận,4.0,0.0,2024-01-08 17:06:22.671000,
FMSV2023090268,Bach Mai Hospital,FMSV00038,HCM,EG-600WR,7G391K156,2021-02-23 00:00:00,2022-03-01 00:00:00,2023-09-28 18:30:26,2023-09-29 14:49:50,,,Nặng,Other,Lê Quang Thông,FMSV2022110063,Parts Selection,,Chờ xác nhận,4.0,0.5,2023-12-04 10:30:43.090000,
FMSV2023090269,Bach Mai Hospital,FMSV00038,HCM,EG-600WR,8G391K379,2021-08-06 00:00:00,2022-08-12 00:00:00,2023-09-28 18:30:36,2023-09-29 14:50:48,,,Nặng,Other,Lê Quang Thông,FMSV2022100086,Parts Selection,,Chờ xác nhận,4.0,0.5,2023-12-04 10:30:48.246000,
FMSV2023090275,Bach Mai Hospital,FMSV00038,HCM,EG-600WR,7G391K125,2021-02-23 00:00:00,2022-03-01 00:00:00,2023-09-28 18:31:45,2023-09-29 15:06:50,,,Nặng,Other,Lê Quang Thông,FMSV2022100021,Parts Selection,,Chờ xác nhận,4.0,0.5,2023-12-04 10:30:53.427000,
FMSV2023090276,Hoang Long Clinic,FMSV00046,HCM,EC-600WL,1C692K171,2014-10-12 00:00:00,2015-10-11 00:00:00,2023-09-28 18:31:56,2023-09-29 15:07:50,,,Nặng,Other,Lê Quang Thông,,Parts Selection,,Chờ xác nhận,4.0,0.0,2023-10-07 23:49:52.918000,
FMSV2023090277,Bach Mai Hospital,FMSV00038,HCM,EC-600WI,6C692K129,2021-08-06 00:00:00,2022-08-12 00:00:00,2023-09-28 18:32:10,2023-09-29 15:08:53,,,Nặng,Other,Lê Quang Thông,FMSV2022100024,Parts Selection,,Chờ xác nhận,4.0,0.5,2023-12-04 10:30:58.683000,
FMSV2023090278,Bach Mai Hospital,FMSV00038,HCM,EG-600WR,7G391K347,2021-02-23 00:00:00,2022-03-01 00:00:00,2023-09-28 18:32:23,2023-09-29 15:09:46,,,Nặng,Other,Lê Quang Thông,FMSV2022100022,Parts Selection,,Chờ xác nhận,4.0,0.5,2023-12-04 10:31:03.841000,
FMSV2023090279,Bach Mai Hospital,FMSV00038,HCM,EC-600WI,5C692K072,2021-02-23 00:00:00,2022-03-01 00:00:00,2023-09-28 18:32:33,2023-09-29 15:10:25,,,Nặng,Other,Lê Quang Thông,FMSV2022090062,Parts Selection,,Chờ xác nhận,4.0,0.5,2023-12-04 10:31:08.967000,
FMSV2023090282,Bach Mai Hospital,FMSV00038,HCM,EG-600WR V2,2G391K305,2016-10-21 00:00:00,2017-10-21 00:00:00,2023-09-28 18:33:04,2023-09-29 15:12:57,,,Nặng,Other,Lê Quang Thông,FMSV2022090061,Parts Selection,,Chờ xác nhận,4.0,0.5,2023-12-04 10:31:13.993000,
FMSV2023090287,Bach Mai Hospital,FMSV00038,HCM,EG-530WR,1G361K617,2015-10-05 00:00:00,2016-10-05 00:00:00,2023-09-28 18:33:56,2023-09-29 15:17:05,,,Nặng,Other,Lê Quang Thông,FMSV2022070081,Parts Selection,,Chờ xác nhận,4.0,0.5,2023-12-04 10:20:20.888000,
FMSV2023080061,Nghe An Friendship General Hospital,FMSV00129,HCM,EG-530WR,2G361K799,2017-02-22 00:00:00,2018-02-22 00:00:00,2023-08-21 10:27:39,2023-08-22 15:49:41,,,Nặng,Other,Lê Quang Thông,,Parts Selection,,Chờ xác nhận,4.0,0.0,2023-12-12 18:12:39.686000,
FMSV2023100006,Hoa Binh General Hospital,ANP00027,HCM,EG-600WR,8G391K040,2021-10-01 00:00:00,2022-10-01 00:00:00,2023-10-03 18:41:32,2023-10-03 18:52:20,,,Nặng,Other,Lê Quang Thông,,Parts Selection,,Chờ xác nhận,4.0,0.0,2023-10-11 10:20:12.968000,
FMSV2023030040,Viet Duc Hospital,FMSV00066,HCM,EC-760R-V/I,1C728K450,2017-12-11 00:00:00,2018-12-11 00:00:00,2023-03-21 13:17:05,2023-03-23 10:52:53,,,Nặng,Other,Lê Quang Thông,,Parts Selection,,Chờ xác nhận,4.0,0.0,2024-01-08 17:03:10.712000,
FMSV2023030041,Hue University of Medicine and Pharmacy - Ginec,FMSV00043,HCM,EG-530WR,4G361A481,2013-11-11 00:00:00,,2023-03-23 14:16:53,2023-03-23 17:55:56,,,Nặng,Other,Lê Quang Thông,,Parts Selection,,Chờ xác nhận,4.0,0.0,2024-01-08 17:06:12.080000,
FMSV2023030079,DONG TRIEU GENERAL HOSPITAL,FMSV00138,Hanoi,VP-4450HD,2V567K740,2016-10-28 00:00:00,2017-10-28 00:00:00,2023-03-30 13:11:24,2023-04-04 18:05:31,,,Khác,Other,Trần Minh Đức,,Parts Selection,,Chờ xác nhận,4.0,0.0,2023-11-15 18:46:31.308000,
FMSV2023090014,Bach Mai Hospital,FMSV00038,HCM,EC-600WI,5C692K022,2021-02-23 00:00:00,2022-03-01 00:00:00,2023-09-08 13:59:05,2023-09-13 12:36:50,,,Nhẹ,Other,Lê Quang Thông,,Parts Selection,,Chờ xác nhận,4.0,0.0,2023-10-25 11:33:19.697000,
FMSV2023100013,Tuyen Quang General Hospital,FMSV00063,Hanoi,EC-600WI,5C692K035,2019-12-15 00:00:00,2020-12-30 00:00:00,2023-10-06 20:00:11,2023-10-13 16:58:18,,,Nặng,Other,Trần Minh Đức,,Parts Selection,,Chờ xác nhận,4.0,0.0,2023-11-15 18:37:44.194000,
FMSV2023100017,Hoang Long Clinic,FMSV00046,HCM,EG-760Z,1G403K172,2017-05-24 00:00:00,2018-05-24 00:00:00,2023-10-09 11:47:24,2023-10-09 11:53:46,,,Nặng,Other,Lê Quang Thông,,Parts Selection,,Chờ xác nhận,4.0,0.0,2024-01-08 17:05:02.423000,
FMSV2023110004,FTYO - Loaner Asset,FMSV00080,HCM,ED-530XT8,3D103L050,2019-02-12 00:00:00,,2023-11-02 15:47:41,2023-11-02 15:58:18,,,Nặng,Other,Lê Quang Thông,,Parts Selection,,Chờ xác nhận,4.0,0.0,2024-01-23 15:54:37.450000,
FMSV2023100031,National Lung Hospital,FMSV00111,Hanoi,EB-530T,1B084K400,2016-12-29 00:00:00,2017-12-29 00:00:00,2023-10-23 17:09:32,2023-10-27 17:22:43,,,Nhẹ,Other,Trần Minh Đức,,Parts Selection,,Chờ xác nhận,4.0,0.0,2023-11-17 19:14:19.513000,
FMSV2023110039,Lao Khoa Hospital,FMSV00113,Hanoi,EC-530WL3,1C643K394,2016-04-28 00:00:00,2017-04-28 00:00:00,2023-11-17 12:58:53,2023-11-17 16:35:53,,,Nặng,Other,Trần Minh Đức,,Parts Selection,,Chờ xác nhận,4.0,0.0,2023-11-23 17:21:44.643000,
FMSV2023110021,E Hospital,FMSV00076,Hanoi,EN-580T,1C675D080,2015-04-07 00:00:00,2016-04-06 00:00:00,2023-11-15 12:20:20,2023-11-15 16:03:02,,,Nặng,Other,Trần Minh Đức,,Parts Selection,,Chờ xác nhận,4.0,0.0,2023-11-23 17:22:18.872000,
FMSV2023110056,Son Tay General Hospital,FMSV00446,Hanoi,VP-4450HD,1V567A403,2013-01-01 00:00:00,2014-01-01 00:00:00,2023-11-22 12:46:04,2023-11-27 19:33:50,,,Khác,Other,Trần Minh Đức,,Parts Selection,,Chờ xác nhận,4.0,0.0,2023-11-30 16:16:29.862000,
FMSV2023110057,Son Tay General Hospital,FMSV00446,Hanoi,EB-530S,1B083A083,2013-01-01 00:00:00,2014-01-01 00:00:00,2023-11-22 12:49:41,2023-11-28 11:37:38,,,Nặng,Other,Trần Minh Đức,,Parts Selection,,Chờ xác nhận,4.0,0.0,2023-11-30 16:16:54.166000,
FMSV2023110058,Nam Dinh Provincial General Hospital ,FMSV00021,Hanoi,EG-530FP,4G314A051,2010-10-22 00:00:00,,2023-11-22 16:08:59,2023-11-24 12:39:52,,,Nặng,Other,Trần Minh Đức,,Parts Selection,,Chờ xác nhận,4.0,0.0,2023-11-30 16:17:13.060000,
FMSV2023110036,Thien Duc International General Hospital- Ha Noi,FMSV00222,Hanoi,VP-4450HD,2V567K898,2018-02-28 00:00:00,2019-02-28 00:00:00,2023-11-16 17:51:19,2023-11-20 18:21:03,,,Khác,Other,Trần Minh Đức,,Parts Selection,,Chờ xác nhận,4.0,0.0,2023-11-30 16:17:39.233000,
FMSV2023110069,Hue University Of Medicine And Pharmacy - Ginec,FMSV00043,HCM,ED-530XT,SD102A080,2013-11-11 00:00:00,,2023-11-29 16:46:09,2023-11-30 16:45:08,,,Nhẹ,Other,Lê Quang Thông,,Parts Selection,,Chờ xác nhận,4.0,0.0,2024-01-08 17:05:17.894000,
FMSV2023110054,Nghe An Friendship General Hospital,FMSV00129,Hanoi,VP-3500,2V609K076,2017-02-22 00:00:00,2018-02-22 00:00:00,2023-11-22 11:43:20,2023-11-27 15:52:33,,,Khác,Other,Trần Minh Đức,,Parts Selection,,Chờ xác nhận,4.0,0.0,2023-12-07 15:16:27.493000,
FMSV2023110063,Nghe An Friendship General Hospital,FMSV00129,Hanoi,VP-3500,2V609K074,2017-02-22 00:00:00,2018-02-22 00:00:00,2023-11-23 17:59:07,2023-11-27 15:55:18,,,Khác,Other,Trần Minh Đức,,Parts Selection,,Chờ xác nhận,4.0,0.0,2023-12-07 15:17:00.980000,
FMSV2023120002,Van Phuc 2 Hospital,FMSV00181,HCM,EG-250WR5,3G202K047,2019-03-01 00:00:00,2020-03-01 00:00:00,2023-12-04 12:43:47,2023-12-04 14:31:21,,,Nhẹ,Other,Lê Quang Thông,,Parts Selection,,Chờ xác nhận,4.0,0.0,2024-01-08 17:05:23.010000,
FMSV2023110051,No. 91 Endoscopy-Gastrointestinal-Gi Scaning Test Clinic,FMSV00059,HCM,EC-760ZP-V/M,2C730K036,2018-09-01 00:00:00,2019-09-01 00:00:00,2023-11-21 10:27:00,2023-12-05 11:34:27,,,Nặng,Other,Lê Quang Thông,,Parts Selection,,Chờ xác nhận,4.0,0.0,2024-01-08 17:04:57.192000,
FMSV2023110013,Vietnam – Cuba Donghoi Friendship Hospital,FMSV00127,Hanoi,EG-580NW2,7G390K013,2022-03-17 00:00:00,2023-03-17 00:00:00,2023-11-08 11:46:09,2023-11-14 13:01:38,,,Nặng,Other,Trần Minh Đức,,Parts Selection,,Chờ xác nhận,4.0,0.0,2023-12-07 17:29:15.591000,
FMSV2023110070,Hanoi Medical University Hospital,FMSV00079,Hanoi,EC-600WI,6C692K090,2021-12-03 00:00:00,2022-12-03 00:00:00,2023-11-30 12:20:19,2023-12-04 13:40:34,,,Nặng,Other,Trần Minh Đức,,Parts Selection,,Chờ xác nhận,4.0,0.0,2023-12-07 17:31:53.855000,
FMSV2023100027,Vietnam – Cuba Donghoi Friendship Hospital,FMSV00127,Hanoi,EG-530WR,2G361K547,2016-11-11 00:00:00,2017-11-11 00:00:00,2023-10-18 12:07:13,2023-10-23 16:17:40,,,Nặng,Other,Trần Minh Đức,,Parts Selection,,Chờ xác nhận,4.0,0.0,2023-12-25 15:30:34.930000,
FMSV2023120019,Bernard Clinic,FMSV00392,HCM,EC-760R-V/I,5C728K195,2021-03-02 00:00:00,2021-03-02 00:00:00,2023-12-13 16:24:39,2023-12-13 16:48:43,,,Nặng,Other,Lê Quang Thông,,Parts Selection,,Chờ xác nhận,4.0,0.0,2024-01-08 17:05:44.701000,
FMSV2023120021,Hung Viet Cancer Hospital,FMSV00261,HCM,EC-760ZP-V/M,8C730K001,2022-11-11 00:00:00,2023-11-11 00:00:00,2023-12-14 18:19:50,2023-12-14 18:20:57,,,Nhẹ,Other,Lê Quang Thông,,Parts Selection,,Chờ xác nhận,4.0,0.0,2024-01-29 10:16:37.475000,
FMSV2024010003,Can Tho Stroke International Service General Hospital,FMSV00331,HCM,EC-590ZW3/M,1C610K007,2020-08-24 00:00:00,2021-08-24 00:00:00,2024-01-02 12:40:53,2024-01-02 15:14:23,,,Nặng,Other,Lê Quang Thông,,Parts Selection,,Chờ xác nhận,4.0,0.0,2024-01-03 17:22:08.148000,
FMSV2023120048,Tam Anh General Hospital (Hanoi),FMSV00413,Hanoi,EG-760R,8G402K618,2022-01-30 00:00:00,2023-01-30 00:00:00,2023-12-27 19:20:23,2024-01-02 11:53:04,,,Nhẹ,Other,Trần Minh Đức,,Parts Selection,,Chờ xác nhận,4.0,0.0,2024-01-05 12:56:32.442000,
FMSV2023120036,Cam Xuyen General Hospital,FMSV00314,Hanoi,EC-530WI,3C591A035,2017-10-28 00:00:00,2018-10-28 00:00:00,2023-12-21 19:06:39,2023-12-27 15:48:50,,,Nặng,Other,Trần Minh Đức,,Parts Selection,,Chờ xác nhận,4.0,0.0,2024-01-05 13:12:01.896000,
FMSV2023120034,National Geriatric Hospital,FMSV00071,Hanoi,EB-530T,6B084A252,2014-12-20 00:00:00,,2023-12-21 18:59:35,2023-12-27 17:28:02,,,Nặng,Other,Trần Minh Đức,,Parts Selection,,Chờ xác nhận,4.0,0.0,2024-01-05 13:17:32.581000,
FMSV2023120032,Nghe An Friendship General Hospital,FMSV00129,Hanoi,EC-530WL3,1C643K944,2017-02-22 00:00:00,2018-02-22 00:00:00,2023-12-20 13:35:13,2023-12-27 12:21:16,,,Nặng,Other,Trần Minh Đức,,Parts Selection,,Chờ xác nhận,4.0,0.0,2024-01-05 13:22:40.070000,
FMSV2023120030,Tuyen Quang General Hospital,FMSV00063,Hanoi,VP-4450HD,3V567D513,2014-09-25 00:00:00,,2023-12-20 13:29:27,2023-12-26 15:11:19,,,Khác,Other,Trần Minh Đức,,Parts Selection,,Chờ xác nhận,4.0,0.0,2024-01-05 13:40:16.684000,
FMSV2024010007,Tay Nguyen Regional General Hospital,FMSV00316,HCM,EG-530WR,5G361K061,2019-05-01 00:00:00,2020-05-01 00:00:00,2024-01-03 19:11:15,2024-01-10 10:29:47,,,Nặng,Other,Huỳnh Trung Nguyên,,Parts Selection,,Chờ xác nhận,4.0,0.0,2024-01-15 17:57:31.697000,
FMSV2024010009,Northwestern Nghe An Hospital,FMSV00150,Hanoi,VP-4450HD,1V567A574,2013-12-13 00:00:00,2014-12-13 00:00:00,2024-01-08 18:23:57,2024-01-09 15:50:11,,,Khác,Other,Nguyễn Khắc Thắng,,Parts Selection,,Chờ xác nhận,4.0,0.0,2024-01-18 20:15:27.287000,
FMSV2024010025,Tra Vinh Pediatrics Hospital,FMSV00352,HCM,EG-250WR5,2G202K073,2018-11-27 00:00:00,2019-11-27 00:00:00,2024-01-12 17:17:52,2024-01-15 11:42:53,,,Nặng,Other,Huỳnh Trung Nguyên,,Parts Selection,,Chờ xác nhận,4.0,0.0,2024-01-26 10:49:34.630000,
FMSV2024010044,Tra Vinh General Hospital,FMSV00391,HCM,EC-250WL5,3C309K056,2021-03-12 00:00:00,2022-03-12 00:00:00,2024-01-23 18:30:42,2024-01-24 16:04:05,,,Nhẹ,Other,Huỳnh Trung Nguyên,,Parts Selection,,Chờ xác nhận,4.0,0.0,2024-01-26 10:50:30.967000,
FMSV2023110046,Hoang Long Clinic,FMSV00046,HCM,EC-760ZP-V/M,1C730K109,2017-05-24 00:00:00,2018-05-24 00:00:00,2023-11-20 17:34:25,2023-11-24 16:02:22,,,Nặng,Other,Lê Quang Thông,,Parts Selection,,Chờ xác nhận,4.0,0.0,2024-01-29 10:48:29.928000,
FMSV2023110047,Hoang Long Clinic,FMSV00046,HCM,EG-600WR,1G391K515,2015-02-26 00:00:00,2016-02-26 00:00:00,2023-11-20 17:35:11,2023-11-22 16:17:12,,,Nhẹ,Other,Lê Quang Thông,,Parts Selection,,Chờ xác nhận,4.0,0.0,2024-01-29 10:49:47.348000,
FMSV2023110048,Hoang Long Clinic,FMSV00046,HCM,EC-760ZP-V/M,1C730K142,2017-09-22 00:00:00,2018-09-22 00:00:00,2023-11-20 17:37:40,2023-11-21 18:46:48,,,Nặng,Other,Lê Quang Thông,,Parts Selection,,Chờ xác nhận,4.0,0.0,2024-01-29 10:50:15.812000,
FMSV2023110050,Hoang Long Clinic,FMSV00046,HCM,EC-760ZP-V/M,1c730k143,2017-09-22 00:00:00,2018-09-22 00:00:00,2023-11-20 17:39:12,2023-11-22 16:36:44,,,Nặng,Other,Lê Quang Thông,,Parts Selection,,Chờ xác nhận,4.0,0.0,2024-01-29 10:50:57.308000,
FMSV2023110052,Hoang Long Clinic,FMSV00046,HCM,EC-600WI,1C692K644,2017-01-02 00:00:00,2018-01-02 00:00:00,2023-11-21 12:37:21,2023-11-21 12:43:24,,,Nặng,Other,Lê Quang Thông,,Parts Selection,,Chờ xác nhận,4.0,0.0,2024-01-29 10:51:28.672000,
FMSV2023110065,Hoang Long Clinic,FMSV00046,HCM,EG-760Z,1G403K433,2017-01-02 00:00:00,2018-01-02 00:00:00,2023-11-24 19:01:07,2023-11-24 19:21:34,,,Nặng,Other,Lê Quang Thông,,Parts Selection,,Chờ xác nhận,4.0,0.0,2024-01-29 10:52:50.674000,
FMSV2023120008,Hoang Long Clinic,FMSV00046,HCM,EC-760ZP-V/M,2C730K016,2018-08-13 00:00:00,2019-08-13 00:00:00,2023-12-05 16:08:55,2023-12-11 19:56:32,,,Nặng,Other,Lê Quang Thông,,Parts Selection,,Chờ xác nhận,4.0,0.0,2024-01-29 10:53:24.108000,
FMSV2023120009,Hoang Long Clinic,FMSV00046,HCM,EG-600WR,1G391K988,2016-02-24 00:00:00,2017-02-24 00:00:00,2023-12-05 16:10:08,2023-12-11 16:04:40,,,Nặng,Other,Lê Quang Thông,,Parts Selection,,Chờ xác nhận,4.0,0.0,2024-01-29 10:53:48.557000,
FMSV2023110025,Bach Mai Hospital,FMSV00038,Hanoi,EG-600WR,8G391K370,2021-08-06 00:00:00,2022-08-12 00:00:00,2023-11-15 13:24:33,2023-11-16 16:35:35,,,Nặng,Other,Nguyễn Khắc Thắng,,Inspection,,Chuẩn bị báo giá,2.0,0.0,2023-11-20 15:52:36.718000,
FMSV2023110028,Bach Mai Hospital,FMSV00038,Hanoi,EC-590WI,1C607K025,2015-10-20 00:00:00,2016-10-19 00:00:00,2023-11-15 13:30:12,2023-11-17 18:49:47,,,Nặng,Other,Nguyễn Khắc Thắng,,Inspection,,Chuẩn bị báo giá,2.0,0.0,2023-11-20 16:04:00.483000,
FMSV2023110027,Bach Mai Hospital,FMSV00038,Hanoi,EC-600WI,6C692K198,2021-11-20 00:00:00,2022-11-20 00:00:00,2023-11-15 13:27:10,2023-11-20 16:28:19,,,Nhẹ,Other,Nguyễn Khắc Thắng,,Inspection,,Chuẩn bị báo giá,2.0,0.0,2023-11-24 18:26:02.010000,
FMSV2023110055,Hoang Long Clinic,FMSV00046,Hanoi,EG-760Z,1G403K205,2017-05-24 00:00:00,2018-05-24 00:00:00,2023-11-22 12:02:58,2023-11-22 12:17:53,,,Nặng,Other,Nguyễn Khắc Thắng,,Inspection,,Chuẩn bị báo giá,2.0,0.0,2023-11-24 20:09:34.764000,
FMSV2023110026,Bach Mai Hospital,FMSV00038,Hanoi,EG-600WR,8G391K367,2021-08-06 00:00:00,2022-08-12 00:00:00,2023-11-15 13:25:17,2023-11-22 13:44:44,,,Nặng,Other,Nguyễn Khắc Thắng,,Inspection,,Chuẩn bị báo giá,2.0,0.0,2023-11-24 18:01:13.253000,
FMSV2024010002,Bach Mai Hospital,FMSV00038,Hanoi,EC-600WI,9C692K184,2023-09-25 00:00:00,2024-09-25 00:00:00,2024-01-02 11:13:49,2024-01-04 18:01:23,,,Nặng,Other,Nguyễn Khắc Thắng,,Inspection,,Chờ duyệt Bảo hành,2.0,0.0,2024-01-18 20:02:14.498000,
FMSV2024010001,Bach Mai Hospital,FMSV00038,Hanoi,EG-600WR,8G391K366,2021-08-06 00:00:00,2022-08-12 00:00:00,2024-01-02 11:11:55,2024-01-04 18:13:07,,,Nặng,Other,Nguyễn Khắc Thắng,,Inspection,,Chuẩn bị báo giá,2.0,0.0,2024-01-09 18:13:52.506000,
FMSV2024010026,"FUJIFILM Vietnam Co., Ltd.",FMSV,Hanoi,EG-720R,1G412K193,2019-04-20 00:00:00,2020-04-20 00:00:00,2024-01-16 12:43:49,2024-01-16 13:06:58,,,Nặng,Other,Nguyễn Khắc Thắng,,Inspection,,Chuẩn bị báo giá,2.0,0.0,2024-01-22 21:10:17.136000,
FMSV2024010029,National Hospital Of Tropical Diseases,FMSV00090,HCM,EG-530WR,LG361K948,2023-10-24 00:00:00,2024-10-24 00:00:00,2024-01-17 16:43:12,2024-01-17 16:52:55,,,Nặng,Other,,WTY-FFVN-2401006,Inspection,,Chuẩn bị linh kiện,2.0,0.5,2024-01-19 18:50:43.639000,
FMSV2024010031,Hanoi Medical University Hospital,FMSV00079,Hanoi,XL-4450,2S094K486,2016-05-18 00:00:00,,2024-01-18 18:24:33,2024-01-18 18:35:40,,,Khác,Other,Nguyễn Tuấn Minh,,Inspection,,Chuẩn bị báo giá,2.0,0.0,2024-01-18 18:35:46.827000,
FMSV2024010037,"FUJIFILM Vietnam Co., Ltd.",FMSV,Hanoi,EG-600WR,9G391K366,2022-11-15 00:00:00,2023-11-15 00:00:00,2024-01-22 11:47:35,2024-01-25 10:36:13,,,Nặng,Other,Lê Văn Hoàn,,Inspection,,Chuẩn bị báo giá,2.0,0.0,2024-01-25 10:37:35.879000,
FMSV2023120050,FTYO - Loaner Asset,FMSV00080,HCM,EG-600WR,2G391K630,2016-12-09 00:00:00,2017-12-09 00:00:00,2023-12-28 10:29:50,2024-01-29 11:17:15,,,Nặng,Other,Lê Quang Thông,,Inspection,Transfer,Chuẩn bị báo giá,2.0,0.0,2024-01-29 11:22:38.338000,
FMSV2024010047,Hue University Hospital of Medicine And Pharmacy,FMSV00043,HCM,EC-530WI3,2C642D166,2013-11-11 00:00:00,,2024-01-29 11:54:59,2024-01-29 15:44:33.402000,,,,Other,Lê Quang Thông,,Inspection,,Chuẩn bị báo giá,2.0,0.0,2024-01-29 15:47:45.836000,
FMSV2024010024L,"FUJIFILM Vietnam Co., Ltd.",FMSV,HCM,EC-530WI3,1C642K365,2017-03-01 00:00:00,2018-03-01 00:00:00,,,,,,Other,Lê Quang Thông,,Create,,Đã Nhận,0.0,0.0,2024-01-12 11:45:27.049000,
FMSV2024010032L,"FUJIFILM Vietnam Co., Ltd.",FMSV,HCM,EG-760R,8G402K627,2022-08-01 00:00:00,2023-08-01 00:00:00,,,,,,Other,Lê Quang Thông,,Create,,Đã Nhận,0.0,0.0,2024-01-19 10:34:28.046000,
FMSV2024010046,Bach Mai Hospital,FMSV00038,HCM,EG-600WR,1G391K869,2015-10-05 00:00:00,,,,,,Khác,Other,Lê Quang Thông,,Create,,Đã Nhận,0.0,0.0,2024-01-25 15:57:07.354000,
