rma_id,customer,model,sn,dealer,type_s,tr_date,quotation_date,confirm_date,repair_note,status,p_status,p_score,return_date
FMSV2023020019,"FUJIFILM Vietnam Co., Ltd.",EC-760ZP-V/M,2C730K027,,Ống soi đại tràng,2023-02-13,,,Part OK: 14-Aug. #PO109,waiting for repair,,,
FMSV2023020022,FTYO - Loaner Asset,EC-760ZP-V/M,2C730K032,,Ống soi đại tràng,2023-02-14,,,Part OK: 14-Aug. #PO109,waiting for repair,,,
FMSV2023020034,Hoang Long Clinic,EC-760R-V/I,1C728K180,Trang Thi,Ống soi đại tràng,2023-02-23,2023-03-22,,PO111,waiting for part,Chuẩn bị linh kiện,4.0,
FMSV2023020050,Hanoi Medical University Hospital,EC-600WI,1C692K487,Trang Thi,Ống soi đại tràng,2023-02-21,2023-02-27,2023-02-27,Confirmed: 27-Feb. ,Completed repair,Hoàn tất sửa chữa,7.0,
FMSV2023020067,Hanoi Medical University Hospital,VP-4450HD,2V567K684,Trang Thi,Bộ Xử lý,2023-03-02,2023-03-15,2023-03-29,,LP/waiting for part,Chuẩn bị linh kiện,4.0,
FMSV2023030060,Hoang Long Clinic,VP-7000,2V644K028,Trang Thi,Bộ Xử lý,2023-03-31,2023-04-14,,PO111,LP/waiting for part,Chuẩn bị linh kiện,4.0,
FMSV2023030075,"FUJIFILM Vietnam Co., Ltd.",EC-530WI,1C603K041,,Ống soi đại tràng,2023-04-04,,,Part OK: 14-Aug. #PO109,waiting for repair,,,
FMSV2023040004,FTYO - Loaner Asset,EN-580T,1C675K021,,Ống soi ruột non,2023-04-11,,,Part OK: 14-Aug. #PO109,waiting for repair,,,
FMSV2023040010,Hanoi Medical University Hospital,EG-600WR,7G391K201,Trang Thi,Ống soi dạ dày,2023-04-06,2023-04-11,,4. hospital preparing tender,waiting confirm,Chờ xác nhận,3.0,
FMSV2023040017,Phu Tho General Hospital - Pediatric Center,EG-530FP,4G374K157,,Ống soi dạ dày,2023-04-18,2023-04-05,,2. dealer sending price to hospital,waiting confirm,Chờ xác nhận,3.0,
FMSV2023040019,Viet Tiep Friendship Hospital- Hai Phong,EC-530WI3,5C642K125,,Ống soi đại tràng,2023-04-14,2023-04-20,,RU: 23-Aug,Transfer to sale team,Chờ xác nhận (quá 3 tháng),9.0,2023-08-23
FMSV2023040024,Vietnam – Cuba Donghoi Friendship Hospital,EG-760R,6G402K258,Promed,Ống soi dạ dày,2023-04-14,2023-04-28,,2. dealer sending price to hospital,waiting confirm,Chờ xác nhận,3.0,
FMSV2023040025,Vietnam – Cuba Donghoi Friendship Hospital,EC-760R-V/I,5C728K054,Promed,Ống soi đại tràng,2023-04-14,2023-04-28,,2. dealer sending price to hospital,waiting confirm,Chờ xác nhận,3.0,
FMSV2023040038,115 PEOPLE HOSPITAL,EC-600WI,1C692K648,Trang Thi,Ống soi đại tràng,2023-04-13,2023-04-14,,2. dealer sending price to hospital,waiting confirm,Chờ xác nhận,3.0,
FMSV2023040041,Nghe An Friendship General Hospital,XL-4450,3S094K410,Promed,Bộ nguồn sáng,2023-04-18,2023-04-28,,,LP/waiting confirm,Chờ xác nhận,3.0,
FMSV2023040049,Bach Mai Hospital,EG-600WR,8G391K423,Trang Thi,Ống soi dạ dày,2023-04-27,2023-06-14,,2. dealer sending price to hospital,waiting confirm,Chờ xác nhận,3.0,
FMSV2023040060,Quang Ninh Obstetrics And Pediatrics Hospital,ER-530S2,3Y196K006,,Ống soi khí phế quản,2023-04-25,2023-04-27,,2. dealer sending price to hospital,waiting confirm,Chờ xác nhận,3.0,
FMSV2023040063,K3 Hanoi National Cancer Hospital,EG-760R,1G402K679,,Ống soi dạ dày,2023-04-26,2023-05-04,,RU: 23-Aug,Transfer to sale team,Chờ xác nhận (quá 3 tháng),9.0,2023-08-23
FMSV2023040064,K3 Hanoi National Cancer Hospital,EC-760R-V/I,1C728K447,,Ống soi đại tràng,2023-04-26,2023-05-04,,RU: 23-Aug,Transfer to sale team,Chờ xác nhận (quá 3 tháng),9.0,2023-08-23
FMSV2023040065,K3 Hanoi National Cancer Hospital,EC-760R-V/I,2C728K080,,Ống soi đại tràng,2023-04-25,2023-05-08,,RU: 23-Aug,Transfer to sale team,Chờ xác nhận (quá 3 tháng),9.0,2023-08-23
FMSV2023040066,K3 Hanoi National Cancer Hospital,EG-760R,1G402K680,,Ống soi dạ dày,2023-04-26,2023-04-28,,RU: 23-Aug,Transfer to sale team,Chờ xác nhận (quá 3 tháng),9.0,2023-08-23
FMSV2023040070,"FUJIFILM Vietnam Co., Ltd.",EG-590WR,2G348K408,,Ống soi dạ dày,2023-05-18,,2023-08-07,Confirmed: 07-Aug. 2. dealer sending price to hospital,waiting for part,Chuẩn bị linh kiện,4.0,
FMSV2023040077,Hanoi Medical University Hospital,EG-600WR,7G391K085,Trang Thi,Ống soi dạ dày,2023-04-27,2023-05-29,,4. hospital preparing tender,waiting confirm,Chờ xác nhận,3.0,
FMSV2023040090,Bach Mai Hospital,EG-600WR,8G391K374,Trang Thi,Ống soi dạ dày,2023-05-12,2023-06-23,,2. dealer sending price to hospital,waiting confirm,Chờ xác nhận,3.0,
FMSV2023040091,Bach Mai Hospital,EG-600WR,8G391K428,Trang Thi,Ống soi dạ dày,2023-05-11,2023-06-05,,2. dealer sending price to hospital,waiting confirm,Chờ xác nhận,3.0,
FMSV2023040092,Bac Giang Hospital,EC-530WL3,1C643K395,,Ống soi đại tràng,2023-05-08,2023-05-09,,2. dealer sending price to hospital,waiting confirm,Chờ xác nhận,3.0,
FMSV2023050013,Thanh An- Ha Noi limited company,EG-760Z,1G403K362,Trang Thi,Ống soi dạ dày,2023-05-15,2023-06-05,,RU: 23-Aug,Transfer to sale team,Chờ xác nhận (quá 3 tháng),9.0,2023-08-23
FMSV2023050016,Thanh An- Ha Noi limited company,EG-760R,2G402K098,Trang Thi,Ống soi dạ dày,2023-05-15,2023-06-05,,RU: 23-Aug,Transfer to sale team,Chờ xác nhận (quá 3 tháng),9.0,2023-08-23
FMSV2023050018,Dam Doi Hospital,EG-250WR5,SG202A469,,Ống soi dạ dày,2023-05-09,2023-05-10,,2. dealer sending price to hospital,waiting confirm,Chờ xác nhận,3.0,
FMSV2023050021,Bach Mai Hospital,EC-590WL4,1C666K565,Trang Thi,Ống soi đại tràng,2023-05-09,2023-05-09,,2. dealer sending price to hospital,waiting confirm,Chờ xác nhận,3.0,
FMSV2023050024,Lam Hoa Private Hospital,EG-250WR5,3G202K117,,Ống soi dạ dày,2023-05-16,2023-06-05,,2. dealer sending price to hospital,waiting confirm,Chờ xác nhận,3.0,
FMSV2023050025,Hoang Long Clinic,EG-760R,1G402K303,Trang Thi,Ống soi dạ dày,2023-05-17,2023-06-05,,PO111,waiting for part,Chuẩn bị linh kiện,4.0,
FMSV2023050033,Phu Tho General Hospital - Pediatric Center,EG-530FP,4G374K154,,Ống soi dạ dày,2023-05-23,2023-06-09,,2. dealer sending price to hospital,waiting confirm,Chờ xác nhận,3.0,
FMSV2023050034,Thai Nguyen General Hospital,EC-250WL5,3C309K012,,Ống soi đại tràng,2023-05-22,2023-06-05,,2. dealer sending price to hospital,waiting confirm,Chờ xác nhận,3.0,
FMSV2023050035,Thai Nguyen General Hospital,EC-250WL5,3c309k028,,Ống soi đại tràng,2023-05-22,2023-06-05,,2. dealer sending price to hospital,waiting confirm,Chờ xác nhận,3.0,
FMSV2023050042,Hoan My Da g Hospital,VP-4450HD,2V567K886,,Bộ Xử lý,2023-05-29,2023-05-29,,1. Less than 4 weeks after giving the quotation,LP/waiting confirm,Chờ xác nhận,3.0,
FMSV2023050045L,"FUJIFILM Vietnam Co., Ltd.",EC-530WI,4C591A001,,Ống soi đại tràng,2023-07-04,,,,waiting approved,Chờ duyệt bảo hành,2.5,
FMSV2023050047,Thai Binh Hospital,EB-530S,1B083K279,Promed,Ống soi khí phế quản,2023-05-24,2023-06-05,,2. dealer sending price to hospital,waiting confirm,Chờ xác nhận,3.0,
FMSV2023050048,Thai Binh Hospital,EB-530S,1B083K278,Promed,Ống soi khí phế quản,2023-05-25,2023-06-07,,2. dealer sending price to hospital,waiting confirm,Chờ xác nhận,3.0,
FMSV2023050049,Bai Chay Hospital,EC-600WI,1C692K270,MDC,Ống soi đại tràng,2023-05-25,2023-06-05,,2. dealer sending price to hospital,waiting confirm,Chờ xác nhận,3.0,
FMSV2023050053,Bac Giang Hospital,EC-530WL3,1C643K899,,Ống soi đại tràng,2023-05-26,2023-06-07,,2. dealer sending price to hospital,waiting confirm,Chờ xác nhận,3.0,
FMSV2023050062,Hanoi Medical University Hospital,EG-600WR,2G391K780,Trang Thi,Ống soi dạ dày,2023-05-30,2023-06-05,,4. hospital preparing tender,waiting confirm,Chờ xác nhận,3.0,
FMSV2023050071,Bai Chay Hospital,EG-600WR,2G391K484,MDC,Ống soi dạ dày,2023-06-02,2023-06-05,,2. dealer sending price to hospital,waiting confirm,Chờ xác nhận,3.0,
FMSV2023050072,"FUJIFILM Vietnam Co., Ltd.",EG-600WR,1G391K564,,Ống soi dạ dày,2023-06-02,,,,waiting approved,Chờ duyệt bảo hành,2.5,
FMSV2023050075,Bach Mai Hospital,ED-580XT,3D127K339,Trang Thi,Ống soi mật tụy,2023-06-01,2023-06-05,,2. dealer sending price to hospital,waiting confirm,Chờ xác nhận,3.0,
FMSV2023050076,Bach Mai Hospital,EG-600WR,8G391K430,Trang Thi,Ống soi dạ dày,2023-06-08,2023-06-09,,2. dealer sending price to hospital,waiting confirm,Chờ xác nhận,3.0,
FMSV2023050078,Thai Binh Hospital,EG-530WR,LG361K357,Promed,Ống soi dạ dày,2023-06-01,,,Approved: 12-Jun-23. Warranty Parts. ,waiting for part,Chuẩn bị linh kiện,4.0,
FMSV2023050081,HCAP asset,XL-4450,1S094A412,,Bộ nguồn sáng,2023-06-01,,,,LP/waiting approved,Chờ duyệt bảo hành,2.5,
FMSV2023060011,Bach Mai Hospital,EG-600WR,8G391K041,Trang Thi,Ống soi dạ dày,2023-06-05,2023-06-09,,2. dealer sending price to hospital,waiting confirm,Chờ xác nhận,3.0,
FMSV2023060016,Hanoi Medical University Hospital,XL-4450,2S094K543,Trang Thi,Bộ nguồn sáng,2023-06-06,2023-06-09,,4. hospital preparing tender,LP/waiting confirm,Chờ xác nhận,3.0,
FMSV2023060018,"FUJIFILM Vietnam Co., Ltd.",EG-530WR,2G361K546,,Ống soi dạ dày,2023-06-08,,,Part OK: 14-Aug. #PO109,waiting for repair,,,
FMSV2023060027,FTYO - Loaner Asset,ED-530XT8,3D103L050,,Ống soi mật tụy,2023-06-27,,,,waiting approved,Chờ duyệt bảo hành,2.5,
FMSV2023060038,Bach Mai Hospital,EG-600WR,8G391K429,Trang Thi,Ống soi dạ dày,2023-06-22,2023-06-28,,2. dealer sending price to hospital,waiting confirm,Chờ xác nhận,3.0,
FMSV2023060040,Bach Mai Hospital,EG-600WR,8G391K431,Trang Thi,Ống soi dạ dày,2023-06-22,2023-06-28,,2. dealer sending price to hospital,waiting confirm,Chờ xác nhận,3.0,
FMSV2023060041,Hoang Long Clinic,EC-760R-V/I,1C728K176,Trang Thi,Ống soi đại tràng,2023-06-20,,,RU: 23-Aug. Old Stt: prepairing quotation. SPR Project,Transfer to sale team,Chờ xác nhận (quá 3 tháng),9.0,2023-08-23
FMSV2023060042,Hoang Long Clinic,EG-760R,2G402K285,Trang Thi,Ống soi dạ dày,2023-06-20,,,PO111,waiting for part,Chuẩn bị linh kiện,4.0,
FMSV2023060043,Hoang Long Clinic,EC-600WI,1C692K643,Trang Thi,Ống soi đại tràng,2023-06-20,,,PO111,waiting for part,Chuẩn bị linh kiện,4.0,
FMSV2023060044,Hoang Long Clinic,EG-760R,1G402K304,Trang Thi,Ống soi dạ dày,2023-06-20,,,SPR Project,prepairing quotation,Chuẩn bị báo giá,2.0,
FMSV2023060045,Hoang Long Clinic,EG-600WR,1G391K563,Trang Thi,Ống soi dạ dày,2023-06-20,,,PO111,prepairing quotation,Chuẩn bị báo giá,2.0,
FMSV2023060046,Hoang Long Clinic,EG-600WR,1G391K985,Trang Thi,Ống soi dạ dày,2023-06-20,,,PO111,waiting for part,Chuẩn bị linh kiện,4.0,
FMSV2023060047,Hoang Long Clinic,EG-760Z,1G403K110,Trang Thi,Ống soi dạ dày,2023-06-20,,,PO111,waiting for part,Chuẩn bị linh kiện,4.0,
FMSV2023060048,Hoang Long Clinic,EC-760R-V/I,1C728K177,Trang Thi,Ống soi đại tràng,2023-06-20,,,PO111,waiting for part,Chuẩn bị linh kiện,4.0,
FMSV2023060053,Hanoi Medical University Hospital,EG-600WR,4G391K120,Trang Thi,Ống soi dạ dày,2023-06-23,2023-06-28,,4. hospital preparing tender,waiting confirm,Chờ xác nhận,3.0,
FMSV2023060054,Hanoi Medical University Hospital,EG-600WR,7G391K122,Trang Thi,Ống soi dạ dày,2023-06-23,2023-06-28,,4. hospital preparing tender,waiting confirm,Chờ xác nhận,3.0,
FMSV2023060058,Hoang Long Clinic,BL-7000,2S101K411,Trang Thi,Bộ nguồn sáng,2023-06-22,,,PO111,LP/waiting for part,Chuẩn bị linh kiện,4.0,
FMSV2023060059,Thanh An- Ha Noi limited company,EC-760ZP-V/L,2C731K066,Trang Thi,Ống soi đại tràng,2023-06-30,2023-07-05,,2. dealer sending price to hospital,waiting confirm,Chờ xác nhận,3.0,
FMSV2023060064,"FUJIFILM Vietnam Co., Ltd.",EC-600ZW/M,1C694K023,,Ống soi đại tràng,2023-06-26,,,RU: 23-Aug. Old Stt: waiting approved. ,Transfer to sale team,Chờ xác nhận (quá 3 tháng),9.0,
FMSV2023060065,Bai Chay Hospital,VP-4450HD,2V567K846,MDC,Bộ Xử lý,2023-06-29,2023-07-05,,,LP/waiting confirm,Chờ xác nhận,3.0,
FMSV2023060068,"FUJIFILM Vietnam Co., Ltd.",EG-530WR,5G361K065,,Ống soi dạ dày,2023-06-30,,,PO#110,waiting for part,Chuẩn bị linh kiện,4.0,
FMSV2023060069,MINH DUC HOSPITAL,EG-530NW,2G366K020,,Ống soi dạ dày,2023-06-30,2023-07-05,,2. dealer sending price to hospital,waiting confirm,Chờ xác nhận,3.0,
FMSV2023070001,Hanoi Medical University Hospital,EG-600WR,2G391K779,Trang Thi,Ống soi dạ dày,2023-07-06,2023-07-11,,4. hospital preparing tender,waiting confirm,Chờ xác nhận,3.0,
FMSV2023070003,Hanoi Medical University Hospital,EG-600WR,5G391K028,Trang Thi,Ống soi dạ dày,2023-07-06,2023-07-11,,4. hospital preparing tender,waiting confirm,Chờ xác nhận,3.0,
FMSV2023070004,Hanoi Medical University Hospital,EG-600WR,2G391K945,Trang Thi,Ống soi dạ dày,2023-07-06,2023-07-11,,4. hospital preparing tender,waiting confirm,Chờ xác nhận,3.0,
FMSV2023070005,Hanoi Medical University Hospital,EG-600WR,2G391K093,Trang Thi,Ống soi dạ dày,2023-07-06,2023-07-11,,4. hospital preparing tender,waiting confirm,Chờ xác nhận,3.0,
FMSV2023070008,Hanoi Medical University Hospital,EC-600WI,1C692K734,Trang Thi,Ống soi đại tràng,2023-07-04,2023-07-05,,4. hospital preparing tender,waiting confirm,Chờ xác nhận,3.0,
FMSV2023070009,Hoan My Sai Gon Premier Hospital,ED-530XT,1D102K254,ETC,Ống soi mật tụy,2023-07-05,2023-07-05,2023-08-23,Confirmed: 23-Aug. ,waiting for part,Chuẩn bị linh kiện,4.0,
FMSV2023070012,Hanoi Medical University Hospital,EG-600WR,2G391K208,Trang Thi,Ống soi dạ dày,2023-07-06,2023-07-11,,4. hospital preparing tender,waiting confirm,Chờ xác nhận,3.0,
FMSV2023070013,Bach Mai Hospital,ED-580XT,3D127K338,Trang Thi,Ống soi mật tụy,2023-07-07,2023-07-07,,2. dealer sending price to hospital,waiting confirm,Chờ xác nhận,3.0,
FMSV2023070015,Northwestern Nghe An hospital,EC-530LP,4C657A022,,Ống soi đại tràng,2023-07-13,2023-07-19,,RU: 23-Aug. Old Stt: waiting confirm. 1. Less than 4 weeks after giving the quotation,Transfer to sale team,Chờ xác nhận (quá 3 tháng),9.0,
FMSV2023070016,Northwestern Nghe An hospital,EG-250WR5,1G202K277,,Ống soi dạ dày,2023-07-11,2023-07-19,,1. Less than 4 weeks after giving the quotation,waiting confirm,Chờ xác nhận,3.0,
FMSV2023070017,Nghe An Friendship General Hospital,EG-530WR,5G361k424,Promed,Ống soi dạ dày,2023-07-11,2023-07-14,,1. Less than 4 weeks after giving the quotation,waiting confirm,Chờ xác nhận,3.0,
FMSV2023070018,Nghe An Friendship General Hospital,EC-530WL3,5C643K347,Promed,Ống soi đại tràng,2023-07-11,2023-07-14,,1. Less than 4 weeks after giving the quotation,waiting confirm,Chờ xác nhận,3.0,
FMSV2023070019,Nghe An Friendship General Hospital,EG-530WR,8G361K200,Promed,Ống soi dạ dày,2023-07-12,2023-07-14,,1. Less than 4 weeks after giving the quotation,waiting confirm,Chờ xác nhận,3.0,
FMSV2023070020,Nghe An Friendship General Hospital,EG-530WR,5G361K426,Promed,Ống soi dạ dày,2023-07-11,2023-07-14,,1. Less than 4 weeks after giving the quotation,waiting confirm,Chờ xác nhận,3.0,
FMSV2023070021,Nghe An Friendship General Hospital,EC-530WL3,5C643K365,Promed,Ống soi đại tràng,2023-07-11,2023-07-14,,1. Less than 4 weeks after giving the quotation,waiting confirm,Chờ xác nhận,3.0,
FMSV2023070022,Nghe An Friendship General Hospital,EC-530WL3,3C643K193,Promed,Ống soi đại tràng,2023-07-10,2023-07-14,,1. Less than 4 weeks after giving the quotation,waiting confirm,Chờ xác nhận,3.0,
FMSV2023070023,Nghe An Friendship General Hospital,EB-530T,1B084K474,Promed,Ống soi khí phế quản,2023-07-11,2023-07-14,,1. Less than 4 weeks after giving the quotation,waiting confirm,Chờ xác nhận,3.0,
FMSV2023070024,Nghe An Friendship General Hospital,EB-530T,5B084K008,Promed,Ống soi khí phế quản,2023-07-12,2023-07-14,,1. Less than 4 weeks after giving the quotation,waiting confirm,Chờ xác nhận,3.0,
FMSV2023070025,Nghe An Friendship General Hospital,EG-530WR,2G361K829,Promed,Ống soi dạ dày,2023-07-10,2023-07-14,,1. Less than 4 weeks after giving the quotation,waiting confirm,Chờ xác nhận,3.0,
FMSV2023070026,Nghe An Friendship General Hospital,EG-530WR,8G361K199,Promed,Ống soi dạ dày,2023-07-10,2023-07-14,,1. Less than 4 weeks after giving the quotation,waiting confirm,Chờ xác nhận,3.0,
FMSV2023070027,Vinmec Times City International Hospital,EG-760Z,2G403K153,,Ống soi dạ dày,2023-07-18,2023-07-24,,1. Less than 4 weeks after giving the quotation,waiting confirm,Chờ xác nhận,3.0,
FMSV2023070028,Nghe An Friendship General Hospital,EG-530WR,2G361K831,Promed,Ống soi dạ dày,2023-07-12,2023-07-14,,1. Less than 4 weeks after giving the quotation,waiting confirm,Chờ xác nhận,3.0,
FMSV2023070034,Nam Dinh General Hospital,EG-530FP,4G314A057,,Ống soi dạ dày,2023-07-18,2023-07-25,,1. Less than 4 weeks after giving the quotation,waiting confirm,Chờ xác nhận,3.0,
FMSV2023070035,Nam Dinh General Hospital,EC-530WI,4C449B022,,Ống soi đại tràng,2023-07-18,2023-07-24,,1. Less than 4 weeks after giving the quotation,waiting confirm,Chờ xác nhận,3.0,
FMSV2023070036,Nam Dinh General Hospital,EC-530WI,4C449B024,,Ống soi đại tràng,2023-07-18,2023-07-24,,1. Less than 4 weeks after giving the quotation,waiting confirm,Chờ xác nhận,3.0,
FMSV2023070037,Nam Dinh General Hospital,EG-530WR,4G361A641,,Ống soi dạ dày,2023-07-18,2023-07-24,,1. Less than 4 weeks after giving the quotation,waiting confirm,Chờ xác nhận,3.0,
FMSV2023070039,Hanoi Medical University Hospital,VP-4450HD,2V567K687,Trang Thi,Bộ Xử lý,2023-07-21,,,Approved: 27-Jul-23. Warranty Parts. ,LP/waiting for part,Chuẩn bị linh kiện,4.0,
FMSV2023070043,Vietnam – Cuba Donghoi Friendship Hospital,EG-760R,KG402K677,Promed,Ống soi dạ dày,2023-07-21,,,Approved: 27-Jul-23. Warranty Parts. ,waiting for part,Chuẩn bị linh kiện,4.0,
FMSV2023070044,No. 91 Endoscopy-Gastrointestinal-GI Scaning Test Clinic,EG-760Z,2G403K151,,Ống soi dạ dày,2023-07-20,2023-07-24,,1. Less than 4 weeks after giving the quotation,waiting confirm,Chờ xác nhận,3.0,
FMSV2023070046,"FUJIFILM Vietnam Co., Ltd.",EC-530WI3,1C642K363,,Ống soi đại tràng,2023-07-18,,,Approved: 10-Aug-23. ,waiting for part,Chuẩn bị linh kiện,4.0,
FMSV2023070047,Tuyen Quang General Hospital,EG-530WR,9G361K615,,Ống soi dạ dày,2023-07-19,2023-08-07,,1. Less than 4 weeks after giving the quotation,waiting confirm,Chờ xác nhận,3.0,
FMSV2023070049,Tuyen Quang General Hospital,EB-530S,6B083K189,,Ống soi khí phế quản,2023-07-21,2023-08-07,,1. Less than 4 weeks after giving the quotation,waiting confirm,Chờ xác nhận,3.0,
FMSV2023070050,Tuyen Quang General Hospital,EG-600WR,1G391K698,,Ống soi dạ dày,2023-07-21,2023-08-07,,1. Less than 4 weeks after giving the quotation,waiting confirm,Chờ xác nhận,3.0,
FMSV2023070051,Tuyen Quang General Hospital,EC-530WM,3C593A008,,Ống soi đại tràng,2023-07-21,2023-08-07,,1. Less than 4 weeks after giving the quotation,waiting confirm,Chờ xác nhận,3.0,
FMSV2023070054,No. 91 Endoscopy-Gastrointestinal-GI Scaning Test Clinic,EG-760R,1G402K686,,Ống soi dạ dày,2023-07-26,2023-07-28,,1. Less than 4 weeks after giving the quotation,waiting confirm,Chờ xác nhận,3.0,
FMSV2023070056,"FUJIFILM Vietnam Co., Ltd.",EG-530WR,2G361K131,,Ống soi dạ dày,2023-07-21,,,,waiting approved,Chờ duyệt bảo hành,2.5,
FMSV2023070057,MEKONG HIGH TECH JOINT STOCK COMPANY,EG-720R,5G412K189,,Ống soi dạ dày,2023-07-25,,,Approved: 27-Jul-23. Warranty Parts. ,waiting for part,Chuẩn bị linh kiện,4.0,
FMSV2023070059,Hanoi Medical University Hospital,EC-600WI,5C692K024,Trang Thi,Ống soi đại tràng,2023-07-25,,,,waiting approved,Chờ duyệt bảo hành,2.5,
FMSV2023070061,Hanoi Medical University Hospital,EG-600WR,4G391K232,Trang Thi,Ống soi dạ dày,2023-07-26,,,,prepairing quotation,Chuẩn bị báo giá,2.0,
FMSV2023070065,UONG BI HOSPITAL,EC-530WI3,1C642K107,,Ống soi đại tràng,2023-07-26,2023-07-28,,1. Less than 4 weeks after giving the quotation,waiting confirm,Chờ xác nhận,3.0,
FMSV2023070066,DA NANG HOSPITAL,EG-530FP,1G374K023,,Ống soi dạ dày,2023-07-26,2023-07-28,,1. Less than 4 weeks after giving the quotation,waiting confirm,Chờ xác nhận,3.0,
FMSV2023070067,DA NANG HOSPITAL,EC-530WI3,1C642K104,,Ống soi đại tràng,2023-07-26,2023-07-28,,1. Less than 4 weeks after giving the quotation,waiting confirm,Chờ xác nhận,3.0,
FMSV2023070068,"FUJIFILM Vietnam Co., Ltd.",EC-201WI,RC328A035,,Ống soi đại tràng,2023-07-26,,,,under inspection,Đang Kiểm Tra,1.0,
FMSV2023070069,Bach Mai Hospital,EG-600WR,8G391K044,Trang Thi,Ống soi dạ dày,2023-07-27,2023-08-02,,3. under approval process in the hospital,waiting confirm,Chờ xác nhận,3.0,
FMSV2023070070,Bach Mai Hospital,EC-600WI,6C692K126,Trang Thi,Ống soi đại tràng,2023-07-27,2023-08-02,,3. under approval process in the hospital,waiting confirm,Chờ xác nhận,3.0,
FMSV2023070072,Bach Mai Hospital,EG-600WR,2G391K858,Trang Thi,Ống soi dạ dày,2023-07-27,2023-08-02,,3. under approval process in the hospital,waiting confirm,Chờ xác nhận,3.0,
FMSV2023070074,Tuyen Quang General Hospital,EC-201WI,RC328A025,,Ống soi đại tràng,2023-07-28,2023-08-07,,1. Less than 4 weeks after giving the quotation,waiting confirm,Chờ xác nhận,3.0,
FMSV2023070075,Tuyen Quang General Hospital,EC-530WL3,1C643K926,,Ống soi đại tràng,2023-07-28,2023-08-07,,1. Less than 4 weeks after giving the quotation,waiting confirm,Chờ xác nhận,3.0,
FMSV2023070076,FTYO - Loaner Asset,EC-600WI,1C692K141,,Ống soi đại tràng,2023-08-02,,,,under inspection,Đang Kiểm Tra,1.0,
FMSV2023070077,"FUJIFILM Vietnam Co., Ltd.",EG-600WR,1G391K315,,Ống soi dạ dày,2023-08-02,,,,under inspection,Đang Kiểm Tra,1.0,
FMSV2023070078,Bac Giang Hospital,EG-600WR,9G391K076,,Ống soi dạ dày,2023-08-09,,,,prepairing quotation,Chuẩn bị báo giá,2.0,
FMSV2023070079,Kon Tum Provincial General Hospital,EG-530WR,4G361K372,ETC,Ống soi dạ dày,2023-07-31,2023-07-31,,1. Less than 4 weeks after giving the quotation,waiting confirm,Chờ xác nhận,3.0,
FMSV2023070080,Kon Tum Provincial General Hospital,EC-530WL3,2C643K264,ETC,Ống soi đại tràng,2023-07-31,2023-07-31,,1. Less than 4 weeks after giving the quotation,waiting confirm,Chờ xác nhận,3.0,
FMSV2023070081,Hoa Vang District General Hospital,EG-250WR5,1G202K323,,Ống soi dạ dày,2023-08-03,2023-08-07,,RU: 21-Aug. (waiting confirm). ,Transfer to sale team,Chờ xác nhận (quá 3 tháng),9.0,2023-08-21
FMSV2023070082,Vinh Duc General Hospital,EC-530WL3,5C643K343,,Ống soi đại tràng,2023-08-02,2023-08-07,,1. Less than 4 weeks after giving the quotation,waiting confirm,Chờ xác nhận,3.0,
FMSV2023070083,Thien Hanh Hospital,EG-530NW,1G366K152,ETC,Ống soi dạ dày,2023-08-02,2023-08-07,,1. Less than 4 weeks after giving the quotation,waiting confirm,Chờ xác nhận,3.0,
FMSV2023070084,Thien Hanh Hospital,EC-720R/I,1C741K168,ETC,Ống soi đại tràng,2023-08-02,2023-08-07,,1. Less than 4 weeks after giving the quotation,waiting confirm,Chờ xác nhận,3.0,
FMSV2023080002,Hanoi Medical University Hospital,VP-4450HD,3V567K036,Trang Thi,Bộ Xử lý,2023-08-02,,,Approved: 10-Aug-23,LP/waiting for part,Chuẩn bị linh kiện,4.0,
FMSV2023080003,Phu Tho General Hospital,EG-530WR,JG361K553,,Ống soi dạ dày,2023-08-08,,,Approved: 10-Aug-23. Warranty Parts. ,waiting for part,Chuẩn bị linh kiện,4.0,
FMSV2023080004,Phu Tho General Hospital,EC-530WL3,KC643K011,,Ống soi đại tràng,2023-08-08,,,Approved: 10-Aug-23. Warranty Parts. ,waiting for part,Chuẩn bị linh kiện,4.0,
FMSV2023080006,HOA BINH GENERAL HOSPITAL,EG-530FP,1G374K042,,Ống soi dạ dày,2023-08-09,,,Approved: 18-Aug-23. Warranty Parts. ,waiting for part,Chuẩn bị linh kiện,4.0,
FMSV2023080008,Thai Binh city general hospital,EG-530WR,LG361K344,,Ống soi dạ dày,2023-08-08,,,Approved: 10-Aug-23. Warranty Parts. ,waiting for part,Chuẩn bị linh kiện,4.0,
FMSV2023080012,Tuyen Quang General Hospital,EG-201FP,RG229A399,,Ống soi dạ dày,2023-08-09,,,,prepairing quotation,Chuẩn bị báo giá,2.0,
FMSV2023080014,Bach Mai Hospital,EG-600WR,7G391K123,Trang Thi,Ống soi dạ dày,2023-08-10,,,,prepairing quotation,Chuẩn bị báo giá,2.0,
FMSV2023080015,Bach Mai Hospital,EG-600WR,8G391K425,Trang Thi,Ống soi dạ dày,2023-08-10,,,,prepairing quotation,Chuẩn bị báo giá,2.0,
FMSV2023080016,Bach Mai Hospital,EC-600WI,6C692K127,Trang Thi,Ống soi đại tràng,2023-08-10,,,,prepairing quotation,Chuẩn bị báo giá,2.0,
FMSV2023080017,Bach Mai Hospital,EC-600WI,6C692K128,Trang Thi,Ống soi đại tràng,2023-08-11,,,,prepairing quotation,Chuẩn bị báo giá,2.0,
FMSV2023080018,Bach Mai Hospital,EC-600WI,5C692K087,Trang Thi,Ống soi đại tràng,2023-08-11,,,,prepairing quotation,Chuẩn bị báo giá,2.0,
FMSV2023080019,Bach Mai Hospital,EC-590WL4,1C666K567,Trang Thi,Ống soi đại tràng,2023-08-14,,,Warranty Parts. ,waiting approved,Chờ duyệt bảo hành,2.5,
FMSV2023080020,Bach Mai Hospital,EC-590WI,1C607K008,Trang Thi,Ống soi đại tràng,2023-08-14,2023-08-15,,1. Less than 4 weeks after giving the quotation,waiting confirm,Chờ xác nhận,3.0,
FMSV2023080022,"FUJIFILM Vietnam Co., Ltd.",XL-4450,1S094A282,,Bộ nguồn sáng,2023-08-16,,,,LP/under inspection,Đang Kiểm Tra,1.0,
FMSV2023080023,DA NANG HOSPITAL,EB-530T,3B084A197,,Ống soi khí phế quản,2023-08-07,2023-08-07,,1. Less than 4 weeks after giving the quotation,waiting confirm,Chờ xác nhận,3.0,
FMSV2023080024,Bach Mai Hospital,EC-600WI,3C692K101,Trang Thi,Ống soi đại tràng,2023-08-16,,,,under inspection,Đang Kiểm Tra,1.0,
FMSV2023080025,Hanoi Medical University Hospital,EC-600WI,5C692K031,Trang Thi,Ống soi đại tràng,2023-08-10,,,,under inspection,Đang Kiểm Tra,1.0,
FMSV2023080026,Hanoi Medical University Hospital,EC-600WI,1C692K584,Trang Thi,Ống soi đại tràng,2023-08-14,,,,under inspection,Đang Kiểm Tra,1.0,
FMSV2023080028,Song An Clinic,EC-600ZW/L,1C695K136,,Ống soi đại tràng,2023-08-08,,,,prepairing quotation,Chuẩn bị báo giá,2.0,
FMSV2023080031,"FUJIFILM Vietnam Co., Ltd.",ED-580XT,3D127K095,,Ống soi mật tụy,2023-08-22,,,QC passed: 22-Aug. ,Transfer to sale team,Chờ xác nhận (quá 3 tháng),9.0,
FMSV2023080033,Hanoi Medical University Hospital,EG-600WR,9G391K102,Trang Thi,Ống soi dạ dày,2023-08-10,2023-08-14,,4. hospital preparing tender,waiting confirm,Chờ xác nhận,3.0,
FMSV2023080035,Hanoi Medical University Hospital,EC-600WI,7C692K031,Trang Thi,Ống soi đại tràng,2023-08-16,,,FOC,waiting approved,Chờ duyệt bảo hành,2.5,
FMSV2023080036,"FUJIFILM Vietnam Co., Ltd.",EG-760R,6G402K254,,Ống soi dạ dày,2023-08-18,,,End: 18-Aug.,Completed repair,Hoàn tất sửa chữa,7.0,
FMSV2023080038,"FUJIFILM Vietnam Co., Ltd.",EG-600WR,1G391K524,,Ống soi dạ dày,2023-08-11,,,Warranty Parts. ,waiting approved,Chờ duyệt bảo hành,2.5,
FMSV2023080042,Hoan My Sai Gon Premier Hospital,EG-590WR,1G348K870,ETC,Ống soi dạ dày,2023-08-15,,,,prepairing quotation,Chuẩn bị báo giá,2.0,
FMSV2023080043,Dong Thap General Hospital,EG-530WR,7G361K163,,Ống soi dạ dày,2023-08-14,,,End: 22-Aug.Approved: 18-Aug-23. Warranty Parts. ,Completed repair,Hoàn tất sửa chữa,7.0,
FMSV2023080044,Dong Thap General Hospital,EG-530WR,7G361K162,,Ống soi dạ dày,2023-08-14,,,End: 18-Aug.Start: 18-Aug.Start: 15-Aug.,Completed repair,Hoàn tất sửa chữa,7.0,
FMSV2023080045,Song An Clinic,VP-4450HD,2V567K601,,Bộ Xử lý,2023-08-14,,,,LP/prepairing quotation,Chuẩn bị báo giá,2.0,
FMSV2023080048,"FUJIFILM Vietnam Co., Ltd.",EB-580T,3B090K027,,Ống soi khí phế quản,2023-08-22,,,QC passed: 22-Aug. ,Transfer to sale team,Chờ xác nhận (quá 3 tháng),9.0,
FMSV2023080049,245 Clinic - Dr.Cuong Clinic,EC-250WL5,1C309K108,,Ống soi đại tràng,2023-08-22,2023-08-24,,,waiting confirm,Chờ xác nhận,3.0,
FMSV2023080050,Thien Hanh Hospital,EG-720R,1G412K264,ETC,Ống soi dạ dày,2023-08-17,2023-08-23,,,waiting confirm,Chờ xác nhận,3.0,
FMSV2023080054,"FUJIFILM Vietnam Co., Ltd.",EC-760R-V/I,6C728K116,,Ống soi đại tràng,2023-08-21,,,End: 23-Aug.,Completed repair,Hoàn tất sửa chữa,7.0,
FMSV2023080055,HAM YEN DISTRICT GENERAL HOSPITAL,EG-530NW,3G366K006,,Ống soi dạ dày,2023-08-17,,,RU: 23-Aug. Old Stt: prepairing quotation. ,Transfer to sale team,Chờ xác nhận (quá 3 tháng),9.0,
FMSV2023080056,"FUJIFILM Vietnam Co., Ltd.",EG-760R,2G402K022,,Ống soi dạ dày,2023-08-21,,,,under inspection,Đang Kiểm Tra,1.0,
FMSV2023080057,Hoan My Sai Gon Clinic,EG-250WR5,2G202K019,,Ống soi dạ dày,2023-08-24,2023-08-24,,,waiting confirm,Chờ xác nhận,3.0,
FMSV2023080058,Hoan My Sai Gon Clinic,EC-250WL5,1C309K265,,Ống soi đại tràng,2023-08-17,2023-08-23,,,waiting confirm,Chờ xác nhận,3.0,
FMSV2023080059,No. 91 Endoscopy-Gastrointestinal-GI Scaning Test Clinic,EC-760ZP-V/M,5C730K017,,Ống soi đại tràng,2023-08-17,2023-08-23,,,waiting confirm,Chờ xác nhận,3.0,
FMSV2023080060,Phu Tho Town Hospital,EC-530WL3,JC643K003,,Ống soi đại tràng,2023-08-22,,,Approved: 24-Aug-23. ,waiting for part,Chuẩn bị linh kiện,4.0,
FMSV2023080061,Nghe An Friendship General Hospital,EG-530WR,2G361K799,Promed,Ống soi dạ dày,2023-08-22,,,,under inspection,Đang Kiểm Tra,1.0,
FMSV2023080062,Lao Khoa Hospital,EG-530WR,1G361K957,,Ống soi dạ dày,,,,,Received,Đã Nhận,0.0,
FMSV2023080063,Hanoi Medical University Hospital,EC-600WI,5C692K028,Trang Thi,Ống soi đại tràng,,,,,Received,Đã Nhận,0.0,
FMSV2023080064,Hanoi Medical University Hospital,EG-600WR,2G391K783,Trang Thi,Ống soi dạ dày,2023-08-22,,,,under inspection,Đang Kiểm Tra,1.0,
FMSV2023080065,Hanoi Medical University Hospital,EG-600WR,2G391K088,Trang Thi,Ống soi dạ dày,2023-08-22,,,Start: 22-Aug.,Under repair,Đang sửa chữa,6.0,
FMSV2023080066,Hanoi Medical University Hospital,EG-600WR,2G391K086,Trang Thi,Ống soi dạ dày,2023-08-22,,,End: 22-Aug.,Completed repair,Hoàn tất sửa chữa,7.0,
FMSV2023080067,Hanoi Medical University Hospital,EG-600WR,7G391K087,Trang Thi,Ống soi dạ dày,,,,,Received,Đã Nhận,0.0,
FMSV2023080068,Hanoi Medical University Hospital,EG-600WR,2G391K288,Trang Thi,Ống soi dạ dày,2023-08-22,,,,under inspection,Đang Kiểm Tra,1.0,
FMSV2023080069,Hanoi Medical University Hospital,CDL1909A(230V),1V620K266,Trang Thi,Màn hình,,,,,LP/Received,Đã Nhận,0.0,
FMSV2023080070,"FUJIFILM Vietnam Co., Ltd.",EG-590WR,5G348A471,,Ống soi dạ dày,2023-08-21,,,,under inspection,Đang Kiểm Tra,1.0,
FMSV2023080071,Bach Mai Hospital,EG-600WR,KG391K509,Trang Thi,Ống soi dạ dày,2023-08-22,,,Warranty Parts. ,waiting approved,Chờ duyệt bảo hành,2.5,
FMSV2023080072,"FUJIFILM Vietnam Co., Ltd.",EC-760R-V/I,1C728K438,,Ống soi đại tràng,,,,,Under repair,Đang sửa chữa,6.0,
FMSV2023080073,Bach Mai Hospital,EG-600WR,8G391K370,Trang Thi,Ống soi dạ dày,,,,,Received,Đã Nhận,0.0,
FMSV2023080074,Bach Mai Hospital,EG-600WR,8G391K432,Trang Thi,Ống soi dạ dày,2023-08-23,,,,under inspection,Đang Kiểm Tra,1.0,
FMSV2023080075,Bach Mai Hospital,EG-600WR,7G391K344,Trang Thi,Ống soi dạ dày,2023-08-23,,,,under inspection,Đang Kiểm Tra,1.0,
FMSV2023080076,Bach Mai Hospital,EC-530WI,3C591A036,Trang Thi,Ống soi đại tràng,2023-08-23,,,,under inspection,Đang Kiểm Tra,1.0,
FMSV2023080077,Bach Mai Hospital,EC-600WI,6C692K197,Trang Thi,Ống soi đại tràng,,,,,Received,Đã Nhận,0.0,
FMSV2023080078,Bach Mai Hospital,EC-530WL3,1C643K192,Trang Thi,Ống soi đại tràng,,,,,Received,Đã Nhận,0.0,
FMSV2023080079,Bach Mai Hospital,EC-720R/I,3C741K101,Trang Thi,Ống soi đại tràng,,,,,Received,Đã Nhận,0.0,
FMSV2023080080,Bach Mai Hospital,EC-600WI,6C692K201,Trang Thi,Ống soi đại tràng,2023-08-23,,,,under inspection,Đang Kiểm Tra,1.0,
FMSV2023080081,FTYO - Loaner Asset,XL-4450,1S094K191,,Bộ nguồn sáng,,,,,LP/Received,Đã Nhận,0.0,
FMSV2023080082,Tay Nguyen Regional General Hospital,EB-530S,5B089K052,ETC,Ống soi khí phế quản,2023-08-22,2023-08-24,,,waiting confirm,Chờ xác nhận,3.0,
FMSV2023080083,Nam Lien Chieu General Hospital,EG-250WR5,1G202K617,,Ống soi dạ dày,2023-08-23,2023-08-23,,,waiting confirm,Chờ xác nhận,3.0,
FMSV2023080084,TRUNG VUONG HOSPITAL,EG-530WR,4G361K015,ETC,Ống soi dạ dày,2023-08-22,,,,prepairing quotation,Chuẩn bị báo giá,2.0,
FMSV2023080085,"FUJIFILM Vietnam Co., Ltd.",EC-600WI,1C692K077,,Ống soi đại tràng,,,,,Received,Đã Nhận,0.0,
FMSV2023080086,Hung Viet Cancer Hospital,EG-760Z,8G403K185,,Ống soi dạ dày,2023-08-23,,,Start: 23-Aug.,Under repair,Đang sửa chữa,6.0,
FMSV2023080087,Quang Tri General Hospital,EG-530WR,JG361K198,,Ống soi dạ dày,,,,,Received,Đã Nhận,0.0,
FMSV2023080088,245 Clinic - Dr.Cuong Clinic,EC-250WL5,3C309K057,,Ống soi đại tràng,2023-08-23,2023-08-23,,,waiting confirm,Chờ xác nhận,3.0,
FMSV2023080089,Bac Giang Hospital,EC-760R-V/I,7C728K102,,Ống soi đại tràng,,,,,Received,Đã Nhận,0.0,
FMSV2023070071,Bach Mai Hospital,EG-600WR,1G391K869,Trang Thi,Ống soi dạ dày,,,,,transfer table,,,
FMSV2023030069,Thong Nhat Hospital,EC-720R/I,1C741K218,Trang Thi,Ống soi đại tràng,2023-03-28,2023-03-29,,,transfer table,Chờ xác nhận (quá 3 tháng),9.0,
FMSV2023030041,Hue University of Medicine and Pharmacy - Ginec,EG-530WR,4G361A481,ETC,Ống soi dạ dày,2023-03-23,2023-04-14,,,transfer table,Chờ xác nhận (quá 3 tháng),9.0,
FMSV2023030040,Viet Duc Hospital,EC-760R-V/I,1C728K450,,Ống soi đại tràng,2023-03-23,2023-03-30,,,transfer table,Chờ xác nhận (quá 3 tháng),9.0,
FMSV2023030009,Dong Thap Lung Hospital,EB-530T,3B063A049,,Ống soi khí phế quản,2023-03-07,2023-03-14,,,transfer table,Đã trả hàng (không sửa),10.0,2023-08-23
FMSV2023030008,Dong Thap Lung Hospital,EB-530H,3B087A006,,Ống soi khí phế quản,2023-03-07,2023-03-14,,,transfer table,Đã trả hàng (không sửa),10.0,2023-08-23
FMSV2023040057,Viet Nhat Clinic 3 - Dr.Giang's clinic,VP-4450HD,3V567D229,,Bộ Xử lý,,2023-04-27,,,transfer table,Chờ xác nhận (quá 3 tháng),9.0,
FMSV2023030017,Hanoi Medical University Hospital,XL-4450,3S094K544,Trang Thi,Bộ nguồn sáng,,2023-03-16,,,transfer table,Chờ xác nhận (quá 3 tháng),9.0,
FMSV2023030058,Bach Mai Hospital,EG-600WR,8G391K381,Trang Thi,Ống soi dạ dày,,2023-06-23,,,transfer table,Chờ xác nhận (quá 3 tháng),9.0,
FMSV2023030003,Bach Mai Hospital,EG-600WR,8G391K427,Trang Thi,Ống soi dạ dày,2023-03-20,2023-03-23,,,transfer table,Chờ xác nhận (quá 3 tháng),9.0,
FMSV2023020036,Bach Mai Hospital,EG-720R,3G412K081,Trang Thi,Ống soi dạ dày,,2023-02-20,,,transfer table,Chờ xác nhận (quá 3 tháng),9.0,
FMSV2023020039,Nghe An Friendship General Hospital,EG-530WR,2G361K831,Promed,Ống soi dạ dày,2023-02-27,2023-04-04,,,transfer table,Chờ xác nhận (quá 3 tháng),9.0,
FMSV2023020040,Hanoi Medical University Hospital,EG-600WR,7G391K084,Trang Thi,Ống soi dạ dày,2023-02-27,2023-02-27,,,transfer table,Chờ xác nhận (quá 3 tháng),9.0,
FMSV2023020047,Hanoi Medical University Hospital,EG-600WR,7G391K102,Trang Thi,Ống soi dạ dày,2023-02-27,2023-02-27,,,transfer table,Chờ xác nhận (quá 3 tháng),9.0,
FMSV2023020049,Hanoi Medical University Hospital,EG-600WR,7G391K082,Trang Thi,Ống soi dạ dày,2023-02-27,2023-02-27,,,transfer table,Chờ xác nhận (quá 3 tháng),9.0,
FMSV2023020056,Bach Mai Hospital,EG-600WR,8G391K437,Trang Thi,Ống soi dạ dày,2023-03-20,2023-03-23,,,transfer table,Chờ xác nhận (quá 3 tháng),9.0,
FMSV2023020058,Bach Mai Hospital,EC-600WI,6C692K130,Trang Thi,Ống soi đại tràng,2023-03-20,2023-03-23,,,transfer table,Chờ xác nhận (quá 3 tháng),9.0,
FMSV2023020005,Bach Mai Hospital,EC-600WI,6C692K033,Trang Thi,Ống soi đại tràng,2023-02-10,2023-02-20,,,transfer table,Chờ xác nhận (quá 3 tháng),9.0,
FMSV2023020061,Lam Hoa Private Hospital,EG-250WR5,1G202K360,,Ống soi dạ dày,,2023-03-01,,,transfer table,Chờ xác nhận (quá 3 tháng),9.0,
FMSV2023040069,ITO DONG NAI,EG-250WR5,3G202K019,ETC,Ống soi dạ dày,2023-05-12,2023-05-12,,,transfer table,Chờ xác nhận (quá 3 tháng),9.0,
FMSV2023030022,Hanoi Medical University Hospital,EG-600WR,2G391K084,Trang Thi,Ống soi dạ dày,,2023-03-22,,,transfer table,Chờ xác nhận (quá 3 tháng),9.0,
FMSV2023030054,Bach Mai Hospital,EG-580NW2,6G390K093,Trang Thi,Ống soi dạ dày,2023-04-04,2023-04-14,,,transfer table,Chờ xác nhận (quá 3 tháng),9.0,
FMSV2023030061,Hanoi Medical University Hospital,EC-600WI,1C692K738,Trang Thi,Ống soi đại tràng,,2023-03-30,,,transfer table,Chờ xác nhận (quá 3 tháng),9.0,
FMSV2023040039,Thien Duc International General Hospital- Ha Noi,EG-530WR,2G361K188,,Ống soi dạ dày,2023-04-20,2023-04-28,,,transfer table,Chờ xác nhận (quá 3 tháng),9.0,
FMSV2023020060,Bach Mai Hospital,EG-600WR,8G391K373,Trang Thi,Ống soi dạ dày,2023-03-20,2023-03-23,,,transfer table,Chờ xác nhận (quá 3 tháng),9.0,
FMSV2023020002,"FUJIFILM Vietnam Co., Ltd.",EG-720R,1G412K168,,Ống soi dạ dày,2023-02-06,,,,transfer table,Chuẩn bị linh kiện,4.0,
FMSV2023030043,Tay Nguyen University,EG-530WR,1G361K704,ETC,Ống soi dạ dày,2023-03-24,2023-03-30,,RU: 29-May. (waiting confirm,transfer table,Đã trả hàng (không sửa),10.0,2023-09-05
FMSV2023010001,Hoang Long Clinic,VP-4450HD,2V567K672,Trang Thi,Bộ Xử lý,2023-01-12,2023-01-10,,"RU, Keep at HN office",transfer table,Chờ xác nhận (quá 3 tháng),9.0,
FMSV2023010004,FTYO - Loaner Asset,VP-4450HD,1V567K312,,Bộ Xử lý,2023-01-12,,,,transfer table,Chuẩn bị linh kiện,4.0,
FMSV2023010026,"FUJIFILM Vietnam Co., Ltd.",EG-600WR,2G391K632,,Ống soi dạ dày,2023-01-16,,,,transfer table,Chờ duyệt bảo hành,2.5,
FMSV2023010027,Nghe An Friendship General Hospital,EG-530WR,8G361K199,Promed,Ống soi dạ dày,2023-01-27,2023-02-01,,,transfer table,Chờ xác nhận (quá 3 tháng),9.0,
FMSV2023010009,Bach Mai Hospital,EG-590WR,1G348K458,Trang Thi,Ống soi dạ dày,2023-01-12,2023-01-10,,,transfer table,Chờ xác nhận (quá 3 tháng),9.0,
FMSV2023010008,Bach Mai Hospital,EG-600WR,7G391K127,Trang Thi,Ống soi dạ dày,2023-01-12,2023-01-10,,,transfer table,Chờ xác nhận (quá 3 tháng),9.0,
FMSV2023010007,Bach Mai Hospital,EG-600WR,8G391K372,Trang Thi,Ống soi dạ dày,2023-01-12,2023-01-10,,,transfer table,Chờ xác nhận (quá 3 tháng),9.0,
FMSV2023010006,Bach Mai Hospital,EG-600WR,8G391K380,Trang Thi,Ống soi dạ dày,2023-01-12,2023-01-10,,,transfer table,Chờ xác nhận (quá 3 tháng),9.0,
FMSV2023010018,"FUJIFILM Vietnam Co., Ltd.",EG-530WR,4G361K368,,Ống soi dạ dày,2023-01-16,,,,transfer table,Chuẩn bị linh kiện,4.0,
FMSV2023010023,FFAP asset,EC-600WI,1C692K655,,Ống soi đại tràng,2023-01-30,,,,transfer table,Chuẩn bị linh kiện,4.0,
FMSV2022120026,Bach Mai Hospital,EC-590WL4,1C666K566,Trang Thi,Ống soi đại tràng,2022-12-14,2022-12-14,,,transfer table,Chờ xác nhận (quá 3 tháng),9.0,
FMSV2022120011,Bach Mai Hospital,EC-600WI,5C692K088,Trang Thi,Ống soi đại tràng,2022-12-09,2022-12-18,,3. under approval process in the hospital,transfer table,Chờ xác nhận (quá 3 tháng),9.0,
FMSV2022120087,Hanoi Medical University Hospital,EC-600WI,1C692K470,Trang Thi,Ống soi đại tràng,2023-01-09,2023-01-31,,,transfer table,Chờ xác nhận (quá 3 tháng),9.0,
FMSV2022120084,Hanoi Medical University Hospital,EG-600WR,3G391K103,Trang Thi,Ống soi dạ dày,2023-01-09,2023-01-31,,,transfer table,Chờ xác nhận (quá 3 tháng),9.0,
FMSV2022120017,Bach Mai Hospital,EC-600WI,1C692K269,Trang Thi,Ống soi đại tràng,2022-12-12,2022-12-18,,,transfer table,Chờ xác nhận (quá 3 tháng),9.0,
FMSV2022120019,Bach Mai Hospital,EC-600WI,1C692K861,Trang Thi,Ống soi đại tràng,2022-12-12,2022-12-18,,,transfer table,Chờ xác nhận (quá 3 tháng),9.0,
FMSV2022120018,Bach Mai Hospital,EG-580NW2,5G390K014,Trang Thi,Ống soi dạ dày,2022-12-12,2022-12-18,,,transfer table,Chờ xác nhận (quá 3 tháng),9.0,
FMSV2022120013,Nghe An Friendship General Hospital,EB-530T,1B084K474,Promed,Ống soi khí phế quản,2022-12-12,2022-12-19,,,transfer table,Chờ xác nhận (quá 3 tháng),9.0,
FMSV2022120012,Bach Mai Hospital,EG-600WR,7G391K126,Trang Thi,Ống soi dạ dày,2022-12-09,2022-12-18,,,transfer table,Chờ xác nhận (quá 3 tháng),9.0,
FMSV2022120008,Bach Mai Hospital,EG-600WR,7G391K124,Trang Thi,Ống soi dạ dày,2022-12-09,2022-12-18,2022-12-26,3. under approval process in the hospital,transfer table,Chờ xác nhận (quá 3 tháng),9.0,
FMSV2022120031,Bach Mai Hospital,EG-530WR,1G361K609,Trang Thi,Ống soi dạ dày,2022-12-14,2022-12-14,,,transfer table,Chờ xác nhận (quá 3 tháng),9.0,
FMSV2022120023,Bach Mai Hospital,EC-590WL4,1C666K568,Trang Thi,Ống soi đại tràng,2022-12-14,2022-12-13,,,transfer table,Chờ xác nhận (quá 3 tháng),9.0,
FMSV2022120081,Hanoi Medical University Hospital,EG-600WR,2G391K781,Trang Thi,Ống soi dạ dày,2023-01-09,2023-01-31,,,transfer table,Chờ xác nhận (quá 3 tháng),9.0,
FMSV2022120022,Bach Mai Hospital,EG-600WR,1G391K323,Trang Thi,Ống soi dạ dày,2022-12-14,2022-12-14,,,transfer table,Chờ xác nhận (quá 3 tháng),9.0,
FMSV2022120032,Bach Mai Hospital,EG-590WR,1G348K456,Trang Thi,Ống soi dạ dày,2022-12-14,2022-12-14,,,transfer table,Chờ xác nhận (quá 3 tháng),9.0,
FMSV2022120033,Bach Mai Hospital,EG-590WR,1G348K457,Trang Thi,Ống soi dạ dày,2022-12-14,2022-12-14,,,transfer table,Chờ xác nhận (quá 3 tháng),9.0,
FMSV2022120028,Bach Mai Hospital,EG-600WR,2G391K411,Trang Thi,Ống soi dạ dày,2022-12-14,2022-12-14,,,transfer table,Chờ xác nhận (quá 3 tháng),9.0,
FMSV2022120027,Bach Mai Hospital,EC-600WI,1C692K645,Trang Thi,Ống soi đại tràng,2022-12-14,2022-12-14,,,transfer table,Chờ xác nhận (quá 3 tháng),9.0,
FMSV2022120014,Hue University of Medicine and Pharmacy - Ginec,EG-530NW,2G366D118,ETC,Ống soi dạ dày,2022-12-14,2022-12-14,,,transfer table,Chờ xác nhận (quá 3 tháng),9.0,
FMSV2022120035,Bach Mai Hospital,EG-600WR,2G391K372,Trang Thi,Ống soi dạ dày,2022-12-15,2022-12-16,,,transfer table,Chờ xác nhận (quá 3 tháng),9.0,
FMSV2022120051,Bach Mai Hospital,VP-7000,5V644K138,Trang Thi,Bộ Xử lý,2022-12-15,2022-12-16,,3. under approval process in the hospital,transfer table,Chờ xác nhận (quá 3 tháng),9.0,
FMSV2022120052,Bach Mai Hospital,VP-4450HD,3V567D038,Trang Thi,Bộ Xử lý,2022-12-15,2022-12-16,,,transfer table,Chờ xác nhận (quá 3 tháng),9.0,
FMSV2022120054,Bach Mai Hospital,XL-4450,3S094D038,Trang Thi,Bộ nguồn sáng,,2022-12-19,,,transfer table,Chờ xác nhận (quá 3 tháng),9.0,
FMSV2022120048,Bach Mai Hospital,EC-600WI,1C692K870,Trang Thi,Ống soi đại tràng,2022-12-26,2022-12-28,,3. under approval process in the hospital,transfer table,Chờ xác nhận (quá 3 tháng),9.0,
FMSV2022120047,Bach Mai Hospital,EN-450T5,RC361A105,Trang Thi,Ống soi ruột non,2022-12-15,2022-12-16,,,transfer table,Chờ xác nhận (quá 3 tháng),9.0,
FMSV2022120049,Bach Mai Hospital,EG-600WR,1G391K869,Trang Thi,Ống soi dạ dày,2022-12-15,2022-12-16,,3. under approval process in the hospital,transfer table,Chờ xác nhận (quá 3 tháng),9.0,
FMSV2022120050,Bach Mai Hospital,EG-590WR,2G348K618,Trang Thi,Ống soi dạ dày,2022-12-15,2022-12-16,,3. under approval process in the hospital,transfer table,Chờ xác nhận (quá 3 tháng),9.0,
FMSV2022120053,Bach Mai Hospital,EG-530WR,4G361A316,Trang Thi,Ống soi dạ dày,2022-12-26,2022-12-28,,,transfer table,Chờ xác nhận (quá 3 tháng),9.0,
FMSV2022120036,Bach Mai Hospital,EG-590WR,1G348K318,Trang Thi,Ống soi dạ dày,2022-12-15,2022-12-16,,,transfer table,Chờ xác nhận (quá 3 tháng),9.0,
FMSV2022120042,Bach Mai Hospital,EC-600WI,1C692K598,Trang Thi,Ống soi đại tràng,2022-12-26,2022-12-28,,,transfer table,Chờ xác nhận (quá 3 tháng),9.0,
FMSV2022120055,Bach Mai Hospital,EG-590WR,1G348K513,Trang Thi,Ống soi dạ dày,,2022-12-16,,,transfer table,Chờ xác nhận (quá 3 tháng),9.0,
FMSV2022120063,Bach Mai Hospital,EG-590WR,2G348K611,Trang Thi,Ống soi dạ dày,2022-12-26,2022-12-27,,3. under approval process in the hospital,transfer table,Chờ xác nhận (quá 3 tháng),9.0,
FMSV2022120039,Hue University of Medicine and Pharmacy - Ginec,EG-530CT,4G375A101,ETC,Ống soi dạ dày,2022-12-16,2022-12-16,,,transfer table,Chờ xác nhận (quá 3 tháng),9.0,
FMSV2022120062,Bach Mai Hospital,EG-590WR,1G348K514,Trang Thi,Ống soi dạ dày,2022-12-26,2022-12-28,,,transfer table,Chờ xác nhận (quá 3 tháng),9.0,
FMSV2022110058,"FUJIFILM Vietnam Co., Ltd.",EC-600WI,1C692K656,,Ống soi đại tràng,2022-12-19,,2023-02-10,,transfer table,Chuẩn bị linh kiện,4.0,
FMSV2022120044,HUE UNIVERSITY OF MEDICINE AND PHARMACY,EG-590WR,5G348A056,ETC,Ống soi dạ dày,2022-12-16,2022-12-16,2023-03-27,PR #106,transfer table,Chuẩn bị linh kiện,4.0,
FMSV2022120061,Bach Mai Hospital,EG-590WR,1G348K547,Trang Thi,Ống soi dạ dày,2022-12-19,2022-12-28,,,transfer table,Chờ xác nhận (quá 3 tháng),9.0,
FMSV2022120006,Bach Mai Hospital,EG-600WR,2G391K315,Trang Thi,Ống soi dạ dày,2022-12-09,2022-12-18,,3. under approval process in the hospital,transfer table,Chờ xác nhận (quá 3 tháng),9.0,
FMSV2022120043,"FUJIFILM Vietnam Co., Ltd.",EG-720R,1G412K193,,Ống soi dạ dày,2022-12-19,,,,transfer table,Chuẩn bị linh kiện,4.0,
FMSV2022120065,Bach Mai Hospital,EG-590WR,5G348A636,Trang Thi,Ống soi dạ dày,2022-12-23,2023-01-06,,,transfer table,Chờ xác nhận (quá 3 tháng),9.0,
FMSV2022120038,"FUJIFILM Vietnam Co., Ltd.",EC-530WI3,1C642K337,,Ống soi đại tràng,2023-01-03,,,,transfer table,Chuẩn bị linh kiện,4.0,
FMSV2022120058,Thanh An- Ha Noi limited company,EC-760ZP-V/L,2C731K006,Trang Thi,Ống soi đại tràng,2023-01-03,2023-01-06,,,transfer table,Chờ xác nhận (quá 3 tháng),9.0,
FMSV2022120088,Hanoi Medical University Hospital,EC-600WI,1C692K466,Trang Thi,Ống soi đại tràng,2022-12-26,2023-01-31,,,transfer table,Chờ xác nhận (quá 3 tháng),9.0,
FMSV2022120082,Hanoi Medical University Hospital,EG-600WR,2G391K077,Trang Thi,Ống soi dạ dày,2023-01-03,2023-01-31,,,transfer table,Chờ xác nhận (quá 3 tháng),9.0,
FMSV2022120057,Hanoi Medical University Hospital,XL-4450,3S094K980,Trang Thi,Bộ nguồn sáng,2023-01-03,2023-01-31,,,transfer table,Chờ xác nhận (quá 3 tháng),9.0,
FMSV2022120100,Bach Mai Hospital,EC-600WI,1C692K144,Trang Thi,Ống soi đại tràng,2023-01-03,2023-01-04,,,transfer table,Chờ xác nhận (quá 3 tháng),9.0,
FMSV2022120105,Bach Mai Hospital,ED-580XT,3D127K338,Trang Thi,Ống soi mật tụy,2023-01-03,2022-12-18,,,transfer table,Chờ xác nhận (quá 3 tháng),9.0,
FMSV2022120085,"FUJIFILM Vietnam Co., Ltd.",ED-580XT,3D127K096,,Ống soi mật tụy,2023-01-09,,,,transfer table,Chờ duyệt bảo hành,2.5,
FMSV2022120106,Bach Mai Hospital,EG-600WR,7G391K154,Trang Thi,Ống soi dạ dày,2023-01-03,2023-01-31,,3. under approval process in the hospital,transfer table,Chờ xác nhận (quá 3 tháng),9.0,
FMSV2023020020,"FUJIFILM Vietnam Co., Ltd.",EP-6000,1V696K004,,Bộ Xử lý,,,,,transfer table,Đã Nhận,0.0,
FMSV2022110018,Bach Mai Hospital,XL-4450,3S094D030,Trang Thi,Bộ nguồn sáng,2022-11-14,2022-11-21,,,transfer table,Chờ xác nhận (quá 3 tháng),9.0,
FMSV2022110019,Bach Mai Hospital,VP-4450HD,3V567D030,Trang Thi,Bộ Xử lý,2022-11-11,2022-11-21,,,transfer table,Chờ xác nhận (quá 3 tháng),9.0,
FMSV2022110026,Binh Duong General Hospital,VP-4450HD,2V567K973,ETC,Bộ Xử lý,2022-11-21,2022-11-22,,,transfer table,Chờ xác nhận (quá 3 tháng),9.0,
FMSV2022110065,Hanoi Medical University Hospital,XL-4450,2S094K540,Trang Thi,Bộ nguồn sáng,2022-12-07,2023-01-31,,,transfer table,Chờ xác nhận (quá 3 tháng),9.0,
FMSV2022110039,"FUJIFILM Vietnam Co., Ltd.",EC-600WI,1C692K439,,Ống soi đại tràng,2022-11-25,,,,transfer table,Chờ duyệt bảo hành,2.5,
FMSV2022110036,Hanoi Medical University Hospital,EG-600WR,7G391K089,Trang Thi,Ống soi dạ dày,2022-11-21,2023-01-06,,,transfer table,Chờ xác nhận (quá 3 tháng),9.0,
FMSV2022110033,Bach Mai Hospital,EG-600WR,8G391K371,Trang Thi,Ống soi dạ dày,2022-11-21,2022-11-21,,,transfer table,Chờ xác nhận (quá 3 tháng),9.0,
FMSV2022110031,UONG BI HOSPITAL,EG-530FP,1G374K034,,Ống soi dạ dày,2022-11-22,2022-11-21,,,transfer table,Chờ xác nhận (quá 3 tháng),9.0,
FMSV2022110029,UONG BI HOSPITAL,EC-530WI3,1C642K108,,Ống soi đại tràng,2022-11-21,2022-11-22,,,transfer table,Chờ xác nhận (quá 3 tháng),9.0,
FMSV2022110027,Vietnam-Sweden Uong Bi Hospital,EC-530WI3,2C642K041,Promed,Ống soi đại tràng,2022-11-21,2022-11-30,,,transfer table,Chờ xác nhận (quá 3 tháng),9.0,
FMSV2022110023,Nghe An Friendship General Hospital,EC-530WL3,5C643K365,Promed,Ống soi đại tràng,2022-11-18,2022-03-07,,,transfer table,Chờ xác nhận (quá 3 tháng),9.0,
FMSV2022110028,UONG BI HOSPITAL,EC-530WI3,1C642K107,,Ống soi đại tràng,2022-11-21,2022-11-21,,,transfer table,Chờ xác nhận (quá 3 tháng),9.0,
FMSV2022110061,Bach Mai Hospital,EC-600WI,6C692K200,Trang Thi,Ống soi đại tràng,2022-12-07,2022-12-28,,3. under approval process in the hospital,transfer table,Chờ xác nhận (quá 3 tháng),9.0,
FMSV2022120003,Bach Mai Hospital,EG-600WR,2G391K410,Trang Thi,Ống soi dạ dày,2022-12-05,2022-12-27,,3. under approval process in the hospital,transfer table,Chờ xác nhận (quá 3 tháng),9.0,
FMSV2022120002,Bach Mai Hospital,EG-600WR,2G391K861,Trang Thi,Ống soi dạ dày,2022-12-05,2022-12-28,,,transfer table,Chờ xác nhận (quá 3 tháng),9.0,
FMSV2022110069,Bach Mai Hospital,EG-600WR,2G391K825,Trang Thi,Ống soi dạ dày,2022-12-05,2022-12-06,,,transfer table,Chờ xác nhận (quá 3 tháng),9.0,
FMSV2022110068,Bach Mai Hospital,EG-600WR,7G391K097,Trang Thi,Ống soi dạ dày,2022-12-05,2023-01-03,,,transfer table,Chờ xác nhận (quá 3 tháng),9.0,
FMSV2022110037,Hanoi Medical University Hospital,EG-600WR,3G391K087,Trang Thi,Ống soi dạ dày,2022-11-22,2023-01-31,,,transfer table,Chờ xác nhận (quá 3 tháng),9.0,
FMSV2022110038,Hanoi Medical University Hospital,EC-600WI,2C692K095,Trang Thi,Ống soi đại tràng,2022-11-22,2023-01-06,,,transfer table,Chờ xác nhận (quá 3 tháng),9.0,
FMSV2022110053,Hue University of Medicine and Pharmacy - Ginec,EG-530UR2,RU039A058,ETC,Ống soi siêu âm,2022-11-25,2022-11-23,2023-04-11,PR #105,transfer table,Chuẩn bị linh kiện,4.0,
FMSV2022110041,Hanoi Medical University Hospital,EC-600WI,2C692K093,Trang Thi,Ống soi đại tràng,2022-11-21,2022-11-21,,,transfer table,Chờ xác nhận (quá 3 tháng),9.0,
FMSV2022110040,Hanoi Medical University Hospital,EC-600WI,5C692K034,Trang Thi,Ống soi đại tràng,2022-11-21,2022-11-21,,,transfer table,Chờ xác nhận (quá 3 tháng),9.0,
FMSV2022110063,Bach Mai Hospital,EG-600WR,7G391K156,Trang Thi,Ống soi dạ dày,2022-12-05,2022-12-28,,,transfer table,Chờ xác nhận (quá 3 tháng),9.0,
FMSV2022110024,"FUJIFILM Vietnam Co., Ltd.",EG-600WR,1G391K560,,Ống soi dạ dày,2022-11-21,,,,transfer table,Chuẩn bị linh kiện,4.0,
FMSV2023020003,"FUJIFILM Vietnam Co., Ltd.",EN-450T5/W,MC380A004,,Ống soi ruột non,2023-02-10,,,,transfer table,Chờ duyệt bảo hành,2.5,
FMSV2022100086,Bach Mai Hospital,EG-600WR,8G391K379,Trang Thi,Ống soi dạ dày,2022-11-11,2022-12-18,,,transfer table,Chờ xác nhận (quá 3 tháng),9.0,
FMSV2022100043,Hanoi Medical University Hospital,EG-600WR,7G391K098,Trang Thi,Ống soi dạ dày,2022-10-31,2022-10-19,,,transfer table,Chờ xác nhận (quá 3 tháng),9.0,
FMSV2022100042,Hanoi Medical University Hospital,EG-600WR,2G391K206,Trang Thi,Ống soi dạ dày,2022-10-18,2022-10-18,,,transfer table,Chờ xác nhận (quá 3 tháng),9.0,
FMSV2022100039,Hanoi Medical University Hospital,EG-600WR,7G391K069,Trang Thi,Ống soi dạ dày,2022-10-19,2022-10-19,,,transfer table,Chờ xác nhận (quá 3 tháng),9.0,
FMSV2022100044,Thai Nguyen General Hospital,EG-250WR5,1G202K322,,Ống soi dạ dày,2022-10-26,2022-11-21,,,transfer table,Chờ xác nhận (quá 3 tháng),9.0,
FMSV2022100071,HOA BINH GENERAL HOSPITAL,EG-530NW,1G366K154,,Ống soi dạ dày,2022-10-31,2022-11-21,,,transfer table,Chờ xác nhận (quá 3 tháng),9.0,
FMSV2022100021,Bach Mai Hospital,EG-600WR,7G391K125,Trang Thi,Ống soi dạ dày,2022-10-17,2022-10-18,,3. under approval process in the hospital,transfer table,Chờ xác nhận (quá 3 tháng),9.0,
FMSV2022100027,Hoang Long Clinic,EC-600WI,1C692K171,Trang Thi,Ống soi đại tràng,2022-10-12,2022-10-12,,"RU, Keep at HN office",transfer table,Chờ xác nhận (quá 3 tháng),9.0,
FMSV2022100024,Bach Mai Hospital,EC-600WI,6C692K129,Trang Thi,Ống soi đại tràng,2022-10-12,2022-10-12,,3. under approval process in the hospital,transfer table,Chờ xác nhận (quá 3 tháng),9.0,
FMSV2022100026,Hoang Long Clinic,EC-760R-V/I,1C728K177,Trang Thi,Ống soi đại tràng,2022-10-17,2022-10-18,2023-08-17,,transfer table,Chuẩn bị linh kiện,4.0,
FMSV2022100014,Nghe An Friendship General Hospital,EG-530WR,5G361K426,Promed,Ống soi dạ dày,2022-10-17,2022-10-18,,,transfer table,Chờ xác nhận (quá 3 tháng),9.0,
FMSV2022100022,Bach Mai Hospital,EG-600WR,7G391K347,Trang Thi,Ống soi dạ dày,2022-10-12,2022-10-11,,,transfer table,Chờ xác nhận (quá 3 tháng),9.0,
FMSV2022090062,Bach Mai Hospital,EC-600WI,5C692K072,Trang Thi,Ống soi đại tràng,2022-10-03,2022-10-03,,3. under approval process in the hospital,transfer table,Chờ xác nhận (quá 3 tháng),9.0,
FMSV2022090058,Hanoi Medical University Hospital,EG-600WR,4G391K115,Trang Thi,Ống soi dạ dày,2022-10-03,2022-10-03,,,transfer table,Chờ xác nhận (quá 3 tháng),9.0,
FMSV2022090057,Hanoi Medical University Hospital,EC-600WI,1C692K467,Trang Thi,Ống soi đại tràng,2022-10-03,2022-10-03,,,transfer table,Chờ xác nhận (quá 3 tháng),9.0,
FMSV2022090061,Bach Mai Hospital,EG-600WR,2G391K305,Trang Thi,Ống soi dạ dày,2022-10-10,2022-10-03,,,transfer table,Chờ xác nhận (quá 3 tháng),9.0,
FMSV2022090066,115 PEOPLE HOSPITAL,EG-600WR,2G391K789,Trang Thi,Ống soi dạ dày,2022-10-12,2022-10-25,,,transfer table,Chờ xác nhận (quá 3 tháng),9.0,
FMSV2022090065,"FUJIFILM Vietnam Co., Ltd.",EC-590WL4,1C666K392,,Ống soi đại tràng,2022-10-10,,,,transfer table,Chuẩn bị linh kiện,4.0,
FMSV2022090012,Hanoi Medical University Hospital,EG-600WR,7G391K048,Trang Thi,Ống soi dạ dày,2022-09-15,2022-09-12,,,transfer table,Chờ xác nhận (quá 3 tháng),9.0,
FMSV2022090009,Hanoi Medical University Hospital,EG-600WR,7G391K093,Trang Thi,Ống soi dạ dày,2022-09-15,2022-09-12,,,transfer table,Chờ xác nhận (quá 3 tháng),9.0,
FMSV2022120001,"FUJIFILM Vietnam Co., Ltd.",ER-530S2,2Y196K018,,Ống soi khí phế quản,,,,QC passed: 06-Dec. ,transfer table,Đã trả hàng (không sửa),10.0,2023-12-12
FMSV2022080053,Hoang Long Clinic,EG-760Z,1G403K110,Trang Thi,Ống soi dạ dày,2022-09-15,2022-09-12,2023-08-17,,transfer table,Chờ xác nhận (quá 3 tháng),9.0,
FMSV2022090060,"FUJIFILM Vietnam Co., Ltd.",EC-720R/I,1C741K051,,Ống soi đại tràng,2022-10-10,,,,transfer table,Chờ duyệt bảo hành,2.5,
FMSV2022110008,"FUJIFILM Vietnam Co., Ltd.",EC-530FI,1C653K511,,Ống soi đại tràng,2022-11-14,,,,transfer table,Chờ duyệt bảo hành,2.5,
FMSV2022080033,Bac Giang Hospital,EG-530WR,1G361K023,,Ống soi dạ dày,2022-08-22,2022-08-22,,,transfer table,Chờ xác nhận (quá 3 tháng),9.0,
FMSV2022100023,"FUJIFILM Vietnam Co., Ltd.",EG-740N,1G399K080,,Ống soi dạ dày,2022-10-31,,,,transfer table,Chờ duyệt bảo hành,2.5,
FMSV2022070081,Bach Mai Hospital,EG-530WR,1G361K617,Trang Thi,Ống soi dạ dày,2022-07-28,2022-07-27,,,transfer table,Chờ xác nhận (quá 3 tháng),9.0,
FMSV2022070103,Bach Mai Hospital,ED-580XT,3D127K339,Trang Thi,Ống soi mật tụy,2022-08-08,2022-08-02,,,transfer table,Chuẩn bị linh kiện,4.0,
FMSV2022070019,Hanoi Medical University Hospital,EG-600WR,2G391K002,Trang Thi,Ống soi dạ dày,2022-07-22,2022-07-26,,,transfer table,Chờ xác nhận (quá 3 tháng),9.0,
FMSV2022090010,"FUJIFILM Vietnam Co., Ltd.",EC-530WI3,1C642K365,,Ống soi đại tràng,2022-09-09,,,,transfer table,Chờ duyệt bảo hành,2.5,
FMSV2022080072,"FUJIFILM Vietnam Co., Ltd.",EB-530T,6B084A229,,Ống soi khí phế quản,2022-09-07,,,,transfer table,Chờ duyệt bảo hành,2.5,
FMSV2022060039,Hanoi Medical University Hospital,XL-4450,3S094K015,Trang Thi,Bộ nguồn sáng,2022-06-17,2022-07-06,,,transfer table,Chờ xác nhận (quá 3 tháng),9.0,
FMSV2022060038,Hanoi Medical University Hospital,XL-4450,3S094K526,Trang Thi,Bộ nguồn sáng,2022-06-17,2022-07-06,,,transfer table,Chờ xác nhận (quá 3 tháng),9.0,
FMSV2022060054,Bac Giang Hospital,EG-530WR,1G361K776,,Ống soi dạ dày,2022-06-29,2022-07-11,2022-08-19,,transfer table,Chuẩn bị linh kiện,4.0,
FMSV2022060053,Bac Giang Hospital,EG-530WR,2G361K553,,Ống soi dạ dày,2022-07-03,2022-07-11,2022-08-19,,transfer table,Chuẩn bị linh kiện,4.0,
FMSV2022060033,Hanoi Medical University Hospital,EC-600WI,3C692K104,Trang Thi,Ống soi đại tràng,2022-06-16,2022-06-16,,,transfer table,Chờ xác nhận (quá 3 tháng),9.0,
FMSV2022060030,Hanoi Medical University Hospital,EC-600WI,3C692K100,Trang Thi,Ống soi đại tràng,2022-06-23,2022-07-06,,,transfer table,Chờ xác nhận (quá 3 tháng),9.0,
FMSV2022060028,Hanoi Medical University Hospital,EG-600WR,7G391K105,Trang Thi,Ống soi dạ dày,2022-06-16,2022-06-16,,,transfer table,Chờ xác nhận (quá 3 tháng),9.0,
FMSV2022060025,Hanoi Medical University Hospital,EG-600WR,7G391K092,Trang Thi,Ống soi dạ dày,2022-06-16,2022-06-16,,,transfer table,Chờ xác nhận (quá 3 tháng),9.0,
FMSV2022050058,Nghe An Friendship General Hospital,EC-530WL3,5C643K347,Promed,Ống soi đại tràng,2022-06-02,2022-06-01,,,transfer table,Chờ xác nhận (quá 3 tháng),9.0,
FMSV2022050010,Hanoi Medical University Hospital,EG-600WR,7G391K096,Trang Thi,Ống soi dạ dày,2022-05-08,2022-06-02,,,transfer table,Chờ xác nhận (quá 3 tháng),9.0,
FMSV2022050009,Hanoi Medical University Hospital,EG-600WR,2G391K021,Trang Thi,Ống soi dạ dày,2022-05-08,2022-05-10,,,transfer table,Chờ xác nhận (quá 3 tháng),9.0,
FMSV2022060037,Binh Dinh Hospital,EG-530NW,1G366K072,ETC,Ống soi dạ dày,2022-06-16,2022-06-17,,,transfer table,Chờ xác nhận (quá 3 tháng),9.0,
FMSV2022050043,"FUJIFILM Vietnam Co., Ltd.",EG-590ZW,4G349A078,,Ống soi dạ dày,2022-05-27,,,,transfer table,Chờ duyệt bảo hành,2.5,
FMSV2022050048,Thu Duc District Hospital,EB-530T,3B084A193,ETC,Ống soi khí phế quản,2022-05-27,2022-06-02,,,transfer table,Chờ xác nhận (quá 3 tháng),9.0,
FMSV2022040031,Nghe An Friendship General Hospital,EG-530WR,5G361k424,Promed,Ống soi dạ dày,2022-04-21,2022-04-26,,,transfer table,Chờ xác nhận (quá 3 tháng),9.0,
FMSV2022050068,Nghe An Friendship General Hospital,EC-530WL3,3C643K193,Promed,Ống soi đại tràng,2022-06-02,2022-06-01,,,transfer table,Chờ xác nhận (quá 3 tháng),9.0,
FMSV2022040054,Viet Duc Hospital,EG-760R,1G402K687,,Ống soi dạ dày,2022-04-29,2022-05-09,,,transfer table,Chờ xác nhận (quá 3 tháng),9.0,
FMSV2022030034,Hoang Long Clinic,EG-600WR,1G391K985,Trang Thi,Ống soi dạ dày,2022-03-31,2022-04-06,2023-08-17,,transfer table,Chuẩn bị linh kiện,4.0,
FMSV2022030014,Hue University of Medicine and Pharmacy - Ginec,EG-530WR,4G361A487,ETC,Ống soi dạ dày,2022-03-17,2022-03-10,,,transfer table,Chờ xác nhận (quá 3 tháng),9.0,
FMSV2022030006,Hue University of Medicine and Pharmacy - Ginec,EC-530MP-H,4C656A006,ETC,Ống soi đại tràng,2022-03-10,2022-03-08,,,transfer table,Chờ xác nhận (quá 3 tháng),9.0,
FMSV2022020027,Bai Chay Hospital,EC-600WI,1C692K696,MDC,Ống soi đại tràng,2022-03-07,2022-03-02,,,transfer table,Chờ xác nhận (quá 3 tháng),9.0,
FMSV2022020018,Binh Duong General Hospital,EC-530WI3,1C642K356,ETC,Ống soi đại tràng,2022-02-18,2022-02-22,,,transfer table,Chờ xác nhận (quá 3 tháng),9.0,
FMSV2021120057,"FUJIFILM Vietnam Co., Ltd.",EG-530WR,2G361K131,,Ống soi dạ dày,2022-01-21,,,CHECK 4-AUG,transfer table,Chờ duyệt bảo hành,2.5,
FMSV2021110097,Binh Duong General Hospital,EG-530WR,4G361K153,ETC,Ống soi dạ dày,2021-12-03,2021-12-04,,,transfer table,Chờ xác nhận (quá 3 tháng),9.0,
FMSV2021110026,E Hospital,XL-4450,3S094D177,Trang Thi,Bộ nguồn sáng,2021-11-12,2021-11-08,,,transfer table,Chờ xác nhận (quá 3 tháng),9.0,
FMSV2021110027,"FUJIFILM Vietnam Co., Ltd.",EG-530FP,1G374K535,,Ống soi dạ dày,2021-11-12,,,,transfer table,Chờ duyệt bảo hành,2.5,
FMSV2021110074,HCM City Pediatric Hospital,EB-530S,1B083K382,,Ống soi khí phế quản,2021-11-19,2021-12-10,,,transfer table,Chờ xác nhận (quá 3 tháng),9.0,
FMSV2021110094,Hoang Long Clinic,EG-600WR,1G391K563,Trang Thi,Ống soi dạ dày,2021-12-03,2021-11-30,2023-08-17,,transfer table,Chuẩn bị linh kiện,4.0,
FMSV2021110096,Hoang Long Clinic,EC-600WI,1C692K643,Trang Thi,Ống soi đại tràng,2021-12-03,2021-11-30,2023-08-17,,transfer table,Chuẩn bị linh kiện,4.0,
FMSV2021110093,Hoang Long Clinic,EG-760R,1G402K304,Trang Thi,Ống soi dạ dày,2021-12-03,2021-12-07,2023-08-17,,transfer table,Chuẩn bị linh kiện,4.0,
FMSV2021110098,Hoang Long Clinic,EG-760R,2G402K285,Trang Thi,Ống soi dạ dày,2021-12-03,2021-12-01,2023-08-17,,transfer table,Chuẩn bị linh kiện,4.0,
FMSV2021100014,Nghe An Friendship General Hospital,EG-530WR,2G361K829,Promed,Ống soi dạ dày,2021-10-22,2021-10-27,,,transfer table,Chờ xác nhận (quá 3 tháng),9.0,
FMSV2021090002,VINH PHUC GENERAL HOSPITAL,EPX-2500(230V),2V564K066,Promed,Bộ Xử lý,2021-09-09,2021-09-12,,,transfer table,Chờ xác nhận (quá 3 tháng),9.0,
FMSV2021060044,Tuyen Quang Hospital,EB-530T,1B084K617,Promed,Ống soi khí phế quản,2021-07-01,2021-05-07,,,transfer table,Chờ xác nhận (quá 3 tháng),9.0,
FMSV2021100018,FTYO - Loaner Asset,ED-530XT8,3D103L054,,Ống soi mật tụy,,,,,transfer table,Chờ duyệt bảo hành,2.5,
FMSV2021040053,Hoang Long Clinic,EG-760Z,1G403K145,Trang Thi,Ống soi dạ dày,,2021-04-22,,,transfer table,Chờ xác nhận (quá 3 tháng),9.0,
FMSV2021030112,Bac Giang Hospital,EC-530WL3,1C643K899,,Ống soi đại tràng,2021-03-31,,,,transfer table,Chờ xác nhận (quá 3 tháng),9.0,
FMSV2020110015,Bach Mai Hospital - Nagoya Project,EC-600WL,1C692K140,Trang Thi,Ống soi đại tràng,2020-11-10,,,,transfer table,Chờ xác nhận (quá 3 tháng),9.0,
FMSV2021030028,Hoang Long Clinic,EG-760R,1G402K291,Trang Thi,Ống soi dạ dày,2021-03-09,,,"RU, Keep at HN office",transfer table,Chờ xác nhận (quá 3 tháng),9.0,
FMSV2021030030,Hoang Long Clinic,EC-760R-V/I,1C728K176,Trang Thi,Ống soi đại tràng,2021-03-10,,,"RU, Keep at HN office",transfer table,Chờ xác nhận (quá 3 tháng),9.0,
FMSV2021030092,Tuyen Quang Hospital,EG-600WR,1G391K698,Promed,Ống soi dạ dày,2021-03-30,,,,transfer table,Đã trả hàng (không sửa),10.0,2023-12-14
FMSV2022080064,"FUJIFILM Vietnam Co., Ltd.",EC-760R-V/I,2C728K079,,Ống soi đại tràng,,,,,transfer table,,,
FMSV2020090055,"FUJIFILM Vietnam Co., Ltd.",EG-530WR,2G361K546,,Ống soi dạ dày,,,,,transfer table,,,
FMSV2019100025,FFAP asset,ED-530XT8,RD102A106,,Ống soi mật tụy,,,,,transfer table,,,
FMSV2019100018,"FUJIFILM Vietnam Co., Ltd.",ED-530XT8,RD103A589,,Ống soi mật tụy,,,,,transfer table,,,
FMSV2019080079,"FUJIFILM Vietnam Co., Ltd.",EC-530WI,1C603K040,,Ống soi đại tràng,,,,,transfer table,,,
FMSV2023060066,"FUJIFILM Vietnam Co., Ltd.",EG-760R,2G402K099,,Ống soi dạ dày,,,,Start: 10-Aug.,complete table,Đang giao hàng,7.0,
FMSV2023080005,Phu Tho General Hospital,EC-530WL3,JC643K007,,Ống soi đại tràng,,,,End: 16-Aug.,complete table,Đang giao hàng,7.0,
FMSV2023080037,FTYO - Loaner Asset,ED-530XT8,3D103L052,,Ống soi mật tụy,,,,,complete table,Đang giao hàng,7.0,
FMSV2023080040,Friendship Hospital,EC-600WI,1C692K178,,Ống soi đại tràng,,,,,complete table,Đang giao hàng,7.0,
FMSV2023080046,"FUJIFILM Vietnam Co., Ltd.",EC-760ZP-V/M,2C730K026,,Ống soi đại tràng,,,,End: 18-Aug.Start: 15-Aug.,complete table,Đang giao hàng,7.0,
FMSV2023080047,"FUJIFILM Vietnam Co., Ltd.",EG-760R,KG402K089,,Ống soi dạ dày,,,,End: 18-Aug.Start: 15-Aug.,complete table,Đang giao hàng,7.0,
FMSV2023080013,Bac Giang Hospital,EG-530WR,2G361K552,,Ống soi dạ dày,,,,Start: 04-Aug.,complete table,Đang giao hàng,7.0,
FMSV2023080027,Hanoi Medical University Hospital,EG-600WR,2G391K036,Trang Thi,Ống soi dạ dày,,,,End: 10-Aug.Start: 09-Aug.,complete table,Đang giao hàng,7.0,
FMSV2023080029,"FUJIFILM Vietnam Co., Ltd.",EG-740N,1G399K079,,Ống soi dạ dày,,,,End: 10-Aug.,complete table,Đang giao hàng,7.0,
FMSV2023080030,"FUJIFILM Vietnam Co., Ltd.",EG-760R,8G402K627,,Ống soi dạ dày,,,,End: 14-Aug.Start: 10-Aug.,complete table,Đang giao hàng,7.0,
FMSV2023080034,Hanoi Medical University Hospital,EG-600WR,9G391K110,Trang Thi,Ống soi dạ dày,,,,End: 10-Aug.Start: 10-Aug.,complete table,Đang giao hàng,7.0,
FMSV2023080041,Dong Thap General Hospital,EG-530WR,7G361K177,,Ống soi dạ dày,,,,End: 11-Aug.Start: 11-Aug.,complete table,Đang giao hàng,7.0,
FMSV2023070055,Vietnam-Sweden Uong Bi Hospital,EG-530FP,2G374K400,Promed,Ống soi dạ dày,,,,Approved: 27-Jul-23. Warranty Parts. ,complete table,Đang giao hàng,7.0,
FMSV2023080010,Friendship Hospital,VP-4450HD,1V567K516,,Bộ Xử lý,,,,End: 04-Aug.,complete table,Đang giao hàng,7.0,
FMSV2023040043,"FUJIFILM Vietnam Co., Ltd.",ED-580XT,2D127K107,,Ống soi mật tụy,,,,Start: 27-Jul.PO#108,complete table,Đang giao hàng,7.0,
FMSV2023070048,Tuyen Quang General Hospital,EC-530WL3,8C643K180,,Ống soi đại tràng,,,,Duc Tran return,complete table,Hoàn tất giao hàng,8.0,2023-08-31
FMSV2023040021,Lam Hoa Private Hospital,EC-530WL3,JC643K004,,Ống soi đại tràng,,,,Part OK: 03-Jul. ,complete table,Đang giao hàng,7.0,
FMSV2023070002,Hanoi Medical University Hospital,EC-600WI,1C692K517,Trang Thi,Ống soi đại tràng,,,,Start: .,complete table,Đang giao hàng,7.0,
FMSV2023070007,National Lung Hospital,EB-530T,1B084K400,,Ống soi khí phế quản,,,,End: 06-Jul.,complete table,Đang giao hàng,7.0,
FMSV2023030078,Bach Mai Hospital,EC-600WI,6C692K196,Trang Thi,Ống soi đại tràng,2023-04-06,2023-04-06,,End: 30-Jun.2. dealer sending price to hospital,complete table,Đang giao hàng,7.0,
FMSV2023060057,"FUJIFILM Vietnam Co., Ltd.",EC-760R-V/I,2C728K079,,Ống soi đại tràng,,,,End: 30-Jun.,complete table,Đang giao hàng,7.0,
FMSV2023060070,Can Tho Stroke International Service General Hospital,EG-600WR,2G391K642,ETC,Ống soi dạ dày,,,,End: 30-Jun.,complete table,Đang giao hàng,7.0,
FMSV2023060049,Hanoi Medical University Hospital,EG-600WR,2G391K208,Trang Thi,Ống soi dạ dày,,,,End: 23-Jun.,complete table,Đang giao hàng,7.0,
FMSV2023060019,"FUJIFILM Vietnam Co., Ltd.",EC-600WI,1C692K249,,Ống soi đại tràng,,,,End: 14-Jun.Start: .,complete table,Đang giao hàng,7.0,
FMSV2023030019,HOA BINH GENERAL HOSPITAL,EG-600WR,8G391K040,,Ống soi dạ dày,,,,End: 2023-04-19 15:56:37.452000.Start: 30-Mar.,complete table,Đang giao hàng,7.0,
FMSV2023040089,Bach Mai Hospital,EG-600WR,8G391K041,Trang Thi,Ống soi dạ dày,,,,End: 26-May.,complete table,Đang giao hàng,7.0,
FMSV2023050006,Hanoi Medical University Hospital,EG-600WR,2G391K779,Trang Thi,Ống soi dạ dày,,,,End: 23-May.Start: .,complete table,Đang giao hàng,7.0,
FMSV2023050007,Nghe An Friendship General Hospital,EC-530WL3,1C643K944,Promed,Ống soi đại tràng,,,,End: 23-May.Start: .,complete table,Đang giao hàng,7.0,
FMSV2023040001,NGHE AN MEDICAL EQUIPMENT & PHARMACEUTICAL JOINT STOCK COMPANY,EG-250WR5,3G202K087,,Ống soi dạ dày,2023-04-10,2023-04-10,,End: 24-Apr.1. Less than 4 weeks after giving the quotation,complete table,Đang giao hàng,7.0,
FMSV2023030062,Hanoi Medical University Hospital,EG-600WR,7G391K100,Trang Thi,Ống soi dạ dày,,,,End: 19-Apr.,complete table,Đang giao hàng,7.0,
FMSV2023040011,Hanoi Medical University Hospital,EG-600WR,2G391K044,Trang Thi,Ống soi dạ dày,,,,End: 21-Apr.Start: 14-Apr.,complete table,Đang giao hàng,7.0,
FMSV2023040012,Hanoi Medical University Hospital,EG-600WR,4G391K120,Trang Thi,Ống soi dạ dày,,,,End: 21-Apr.Start: 13-Apr.,complete table,Đang giao hàng,7.0,
FMSV2023040044,Bach Mai Hospital,EC-600WI,3C692K101,Trang Thi,Ống soi đại tràng,,,,End: 20-Apr.Start: 19-Apr.,complete table,Đang giao hàng,7.0,
FMSV2023040008,Hanoi Medical University Hospital,EC-600WI,1C692K868,Trang Thi,Ống soi đại tràng,,,,End: 14-Apr.Start: 12-Apr.,complete table,Đang giao hàng,7.0,
FMSV2023010021,"FUJIFILM Vietnam Co., Ltd.",VP-3500,1V609K145,,Bộ Xử lý,,,,End: 14-Apr.Approved: 13-Jan-23. ,complete table,Đang giao hàng,7.0,
FMSV2023030080,Vietnam-Sweden Uong Bi Hospital,EG-250WR5,3G202K013,Promed,Ống soi dạ dày,,,,End: 07-Apr.Start: 31-Mar.,complete table,Đang giao hàng,7.0,
FMSV2023030063,Hanoi Medical University Hospital,EG-600WR,4G391K037,Trang Thi,Ống soi dạ dày,,,,End: 07-Apr.Start: 05-Apr.,complete table,Đang giao hàng,7.0,
FMSV2023030030,"FUJIFILM Vietnam Co., Ltd.",EG-600WR,1G391K564,,Ống soi dạ dày,,,,,complete table,Đang giao hàng,7.0,
FMSV2023020063,Bach Mai Hospital,EG-600WR,7G391K346,Trang Thi,Ống soi dạ dày,,,,,complete table,Đang giao hàng,7.0,
FMSV2023010043,"FUJIFILM Vietnam Co., Ltd.",EG-760R,1G402K223,,Ống soi dạ dày,,,,,complete table,Đang giao hàng,7.0,
FMSV2023020023,"FUJIFILM Vietnam Co., Ltd.",EG-760R,2G402K022,,Ống soi dạ dày,,,,,complete table,Đang giao hàng,7.0,
FMSV2023020001,"FUJIFILM Vietnam Co., Ltd.",EG-600WR,9G391K367,,Ống soi dạ dày,,,,,complete table,Đang giao hàng,7.0,
FMSV2023010019,"FUJIFILM Vietnam Co., Ltd.",EC-530FI,1C653K496,,Ống soi đại tràng,,,,End: .,complete table,Đang giao hàng,7.0,
FMSV2022120094,Ha Dong General Hospital,EC-530WI3,4C642K022,,Ống soi đại tràng,,,,,complete table,Đang giao hàng,7.0,
FMSV2022120093,Ha Dong General Hospital,EG-600WR,5G391K026,,Ống soi dạ dày,,,,,complete table,Đang giao hàng,7.0,
FMSV2022120089,"FUJIFILM Vietnam Co., Ltd.",EC-590WI,4C607A015,,Ống soi đại tràng,,,,,complete table,Đang giao hàng,7.0,
FMSV2022120056,"FUJIFILM Vietnam Co., Ltd.",EC-760R-V/I,4C728K103,,Ống soi đại tràng,,,,,complete table,Đang giao hàng,7.0,
FMSV2022120083,"FUJIFILM Vietnam Co., Ltd.",EC-600WL,1C692K147,,Ống soi đại tràng,,,,,complete table,Đang giao hàng,7.0,
FMSV2022120091,Nghe An Friendship General Hospital,VP-3500,2V609K074,Promed,Bộ Xử lý,,,,,complete table,Đang giao hàng,7.0,
FMSV2022120097,Hanoi Medical University Hospital,EC-600WI,6C692K090,Trang Thi,Ống soi đại tràng,,,,,complete table,Đang giao hàng,7.0,
FMSV2022120099,Hanoi Medical University Hospital,EG-600WR,9G391K103,Trang Thi,Ống soi dạ dày,,,,,complete table,Đang giao hàng,7.0,
FMSV2022120104,MINH DUC HOSPITAL,VP-7000,6V644K271,,Bộ Xử lý,,,,End: 28-Dec.,complete table,Hoàn tất giao hàng,8.0,2023-12-31
FMSV2022120074,NGHIA HUNG HOSPITAL,EPX-2500(230V),1V564K426,,Bộ Xử lý,,,,End: 29-Dec.Start: 22-Dec.,complete table,Hoàn tất giao hàng,8.0,2023-12-31
FMSV2022120101,Nghe An Friendship General Hospital,VP-3500,2V609K076,Promed,Bộ Xử lý,,,,,complete table,Đang giao hàng,7.0,
FMSV2022120075,Hanoi Medical University Hospital,EG-600WR,9G391K099,Trang Thi,Ống soi dạ dày,,,,,complete table,Đang giao hàng,7.0,
FMSV2022120046,Bach Mai Hospital,JW-2,RW599A470,Trang Thi,Phụ kiện,,,,,complete table,Đang giao hàng,7.0,
FMSV2022120007,DONG HUNG HOSPITAL,EB-530S,2B083K071,,Ống soi khí phế quản,2022-12-14,2022-12-14,2022-12-26,,complete table,Đang giao hàng,7.0,
FMSV2022100005,"FUJIFILM Vietnam Co., Ltd.",EC-530FI,1C653K505,,Ống soi đại tràng,,,,,complete table,Đang giao hàng,7.0,
FMSV2022120021,"FUJIFILM Vietnam Co., Ltd.",XL-4450,1S094A418,,Bộ nguồn sáng,,,,,complete table,Đang giao hàng,7.0,
FMSV2022120020,"FUJIFILM Vietnam Co., Ltd.",XL-4450,1S094A282,,Bộ nguồn sáng,,,,,complete table,Đang giao hàng,7.0,
FMSV2022110006,"FUJIFILM Vietnam Co., Ltd.",EC-530WI3,1C642K363,,Ống soi đại tràng,,,,,complete table,Đang giao hàng,7.0,
FMSV2022110012,HUE Central Hospital,SU-1-H,1V618K049,ETC,Bộ Xử lý,,,,,complete table,Đang giao hàng,7.0,
FMSV2022100064,Bach Mai Hospital,EG-600WR,8G391K377,Trang Thi,Ống soi dạ dày,,,2022-10-24,,complete table,Đang giao hàng,7.0,
FMSV2022100038,"FUJIFILM Vietnam Co., Ltd.",EC-720R/I,1C741K089,,Ống soi đại tràng,,,,,complete table,Đang giao hàng,7.0,
FMSV2022100037,"FUJIFILM Vietnam Co., Ltd.",EG-720R,JG402K330,,Ống soi dạ dày,,,,,complete table,Đang giao hàng,7.0,
FMSV2022100031,"FUJIFILM Vietnam Co., Ltd.",EB-530S,1B083K115,,Ống soi khí phế quản,,,,,complete table,Đang giao hàng,7.0,
FMSV2022080007,Vinmec Times City International Hospital,EC-760ZP-V/L,4C731K032,,Ống soi đại tràng,2022-08-12,2022-08-12,,End: 07-Oct.2. dealer sending price to hospital,complete table,Đang giao hàng,7.0,
FMSV2022100012,Hanoi Medical University Hospital,EG-600WR,2G391K783,Trang Thi,Ống soi dạ dày,,,,,complete table,Đang giao hàng,7.0,
FMSV2022090025,"FUJIFILM Vietnam Co., Ltd.",EG-600WR,1G391K928,,Ống soi dạ dày,,,,End: 15-Sep.Start: 15-Sep.,complete table,Đang giao hàng,7.0,
FMSV2022080014,"FUJIFILM Vietnam Co., Ltd.",EG-740N,2g399k001,,Ống soi dạ dày,,,,,complete table,Đang giao hàng,7.0,
FMSV2022070047,Hanoi Medical University Hospital,EC-600WI,1C692K593,Trang Thi,Ống soi đại tràng,,,,,complete table,Đang giao hàng,7.0,
FMSV2022070046,Hanoi Medical University Hospital,EC-600WI,5C692K029,Trang Thi,Ống soi đại tràng,,,,,complete table,Đang giao hàng,7.0,
FMSV2022070040,Hanoi Medical University Hospital,EG-600WR,7G391K086,Trang Thi,Ống soi dạ dày,,,,,complete table,Đang giao hàng,7.0,
FMSV2022070027,Hanoi Medical University Hospital,EC-600WI,1C692K468,Trang Thi,Ống soi đại tràng,,,,,complete table,Đang giao hàng,7.0,
FMSV2022070037,Hanoi Medical University Hospital,EG-600WR,5G391K027,Trang Thi,Ống soi dạ dày,,,,,complete table,Đang giao hàng,7.0,
FMSV2022070008,Hanoi Medical University Hospital,EG-600WR,7G391K104,Trang Thi,Ống soi dạ dày,,,,,complete table,Đang giao hàng,7.0,
FMSV2022060089,Hanoi Medical University Hospital,EG-600WR,4G391K232,Trang Thi,Ống soi dạ dày,,,,,complete table,Đang giao hàng,7.0,
FMSV2022070004,Hanoi Medical University Hospital,EC-600WI,5C692K028,Trang Thi,Ống soi đại tràng,,,,,complete table,Đang giao hàng,7.0,
FMSV2022060056,Hanoi Medical University Hospital,EG-600WR,2G391K085,Trang Thi,Ống soi dạ dày,,,,,complete table,Đang giao hàng,7.0,
FMSV2022060072,Hanoi Medical University Hospital,EC-600WI,1C692K733,Trang Thi,Ống soi đại tràng,,,,,complete table,Đang giao hàng,7.0,
FMSV2022060029,Hanoi Medical University Hospital,EC-600WI,3C692K098,Trang Thi,Ống soi đại tràng,2022-06-16,2022-06-16,,1. Less than 4 weeks after giving the quotation,complete table,Đang giao hàng,7.0,
FMSV2022050018,Mediplus Clinic - Ha Noi,EC-760ZP-V/M,5C730K016,,Ống soi đại tràng,,,,,complete table,Đang giao hàng,7.0,
